Ticker,Date,Time,LTP,BuyPrice,BuyQty,SellPrice,SellQty,LTQ,OpenInterest
NIFTY-III.NFO,04/12/2024,09:16:33,24856.5,24850.05,300,24865.05,225,1950,102825
NIFTY-III.NFO,04/12/2024,09:16:33,24845,24850.05,300,24865.05,225,0,102825
NIFTY-III.NFO,04/12/2024,09:16:33,24856.5,24850.05,300,24865.05,225,0,102825
NIFTY-III.NFO,04/12/2024,09:16:33,24800,24850.05,300,24865.05,225,0,102825
NIFTY-III.NFO,04/12/2024,09:17:50,24854.05,24854.05,300,24864.95,75,600,102825
NIFTY-III.NFO,04/12/2024,09:17:50,24864.95,24854.05,300,24864.95,75,0,102825
NIFTY-III.NFO,04/12/2024,09:19:10,24865,24860,600,24865,150,525,102825
NIFTY-III.NFO,04/12/2024,09:19:10,24865,24860,600,24865,150,0,102825
NIFTY-III.NFO,04/12/2024,09:20:28,24860,24854,225,24859.1,150,975,103125
NIFTY-III.NFO,04/12/2024,09:21:44,24864.5,24859.15,150,24865,150,975,103125
NIFTY-III.NFO,04/12/2024,09:22:54,24881.5,24876.15,150,24883.8,150,900,103425
NIFTY-III.NFO,04/12/2024,09:22:54,24881.5,24876.15,150,24883.8,150,0,103425
NIFTY-III.NFO,04/12/2024,09:22:59,24877.35,24876.95,75,24883.7,150,75,103425
NIFTY-III.NFO,04/12/2024,09:23:01,24877.35,24877.1,150,24883.9,75,0,103425
NIFTY-III.NFO,04/12/2024,09:23:02,24877.35,24877.2,75,24884.85,150,0,103425
NIFTY-III.NFO,04/12/2024,09:23:04,24877.35,24872.05,75,24881.55,225,0,103425
NIFTY-III.NFO,04/12/2024,09:23:06,24877.35,24869.75,75,24880.05,225,0,103425
NIFTY-III.NFO,04/12/2024,09:23:07,24880.05,24870.05,75,24877.35,75,75,103425
NIFTY-III.NFO,04/12/2024,09:23:09,24880.05,24870.05,75,24877.35,75,0,103425
NIFTY-III.NFO,04/12/2024,09:23:11,24880.05,24870.45,150,24877.35,75,0,103425
NIFTY-III.NFO,04/12/2024,09:23:22,24880.05,24868.05,75,24877.3,225,0,103425
NIFTY-III.NFO,04/12/2024,09:23:29,24880.05,24868.75,300,24877.35,150,0,103425
NIFTY-III.NFO,04/12/2024,09:23:31,24880.05,24870.85,300,24877.35,75,0,103425
NIFTY-III.NFO,04/12/2024,09:23:32,24880.05,24872.55,75,24877.35,75,0,103425
NIFTY-III.NFO,04/12/2024,09:23:36,24880.05,24869.4,75,24877.35,150,0,103425
NIFTY-III.NFO,04/12/2024,09:23:37,24880.05,24867.95,225,24877.2,225,0,103425
NIFTY-III.NFO,04/12/2024,09:23:39,24877.2,24868.95,150,24877.35,150,75,103425
NIFTY-III.NFO,04/12/2024,09:23:41,24877.2,24868.05,150,24876.85,150,0,103425
NIFTY-III.NFO,04/12/2024,09:23:42,24877.2,24867.85,75,24876.65,150,0,103425
NIFTY-III.NFO,04/12/2024,09:23:44,24877.2,24866.35,300,24875.55,225,0,103425
NIFTY-III.NFO,04/12/2024,09:23:46,24877.2,24866.9,75,24872.55,225,0,103425
NIFTY-III.NFO,04/12/2024,09:23:47,24876.45,24870.3,150,24877.3,150,225,103425
NIFTY-III.NFO,04/12/2024,09:23:49,24876.45,24870.75,75,24876.9,150,0,103425
NIFTY-III.NFO,04/12/2024,09:23:51,24876.45,24871.05,75,24876.85,75,0,103425
NIFTY-III.NFO,04/12/2024,09:23:52,24876.45,24870.15,225,24877.35,75,0,103425
NIFTY-III.NFO,04/12/2024,09:23:54,24870.75,24870.8,150,24877.35,75,75,103425
NIFTY-III.NFO,04/12/2024,09:23:56,24878.95,24872.9,150,24880.05,150,225,103425
NIFTY-III.NFO,04/12/2024,09:23:57,24878.95,24872.85,75,24880.05,150,0,103425
NIFTY-III.NFO,04/12/2024,09:24:00,24878.95,24871.6,225,24879.5,150,0,103425
NIFTY-III.NFO,04/12/2024,09:24:02,24879.8,24873.05,225,24880.05,225,150,103425
NIFTY-III.NFO,04/12/2024,09:24:04,24879.8,24872.4,225,24880.05,225,0,103425
NIFTY-III.NFO,04/12/2024,09:24:05,24879.8,24872.4,75,24880.05,225,0,103425
NIFTY-III.NFO,04/12/2024,09:24:07,24879.8,24872.45,225,24880.05,225,0,103425
NIFTY-III.NFO,04/12/2024,09:24:09,24879.8,24878.95,150,24880.05,225,0,103425
NIFTY-III.NFO,04/12/2024,09:24:10,24879.8,24878.95,150,24880.05,150,0,103425
NIFTY-III.NFO,04/12/2024,09:24:15,24878.95,24878.95,75,24880.05,225,75,103425
NIFTY-III.NFO,04/12/2024,09:24:17,24878.95,24878.95,75,24880.05,225,0,103425
NIFTY-III.NFO,04/12/2024,09:24:24,24878.95,24878.95,75,24880.05,150,0,103425
NIFTY-III.NFO,04/12/2024,09:24:29,24878.95,24880,75,24880.05,150,0,103425
NIFTY-III.NFO,04/12/2024,09:24:46,24880.05,24880,150,24883.3,75,150,103425
NIFTY-III.NFO,04/12/2024,09:24:47,24880.05,24882.1,150,24887.5,75,0,103425
NIFTY-III.NFO,04/12/2024,09:24:51,24880.05,24881.35,75,24887.4,75,0,103425
NIFTY-III.NFO,04/12/2024,09:24:52,24880.05,24881.45,150,24887.5,75,0,103425
NIFTY-III.NFO,04/12/2024,09:24:54,24880.05,24881.4,75,24887.5,75,0,103425
NIFTY-III.NFO,04/12/2024,09:24:57,24880.05,24882.2,300,24887.5,75,0,103425
NIFTY-III.NFO,04/12/2024,09:25:23,24885,24885,150,24888.3,150,300,103950
NIFTY-III.NFO,04/12/2024,09:25:23,24887.5,24885,150,24888.3,150,0,103950
NIFTY-III.NFO,04/12/2024,09:26:38,24880.2,24880.05,75,24886.05,150,2700,103950
NIFTY-III.NFO,04/12/2024,09:26:38,24888.3,24880.05,75,24886.05,150,0,103950
NIFTY-III.NFO,04/12/2024,09:27:57,24886.05,24885.1,150,24889,375,525,105300
NIFTY-III.NFO,04/12/2024,09:29:17,24889,24885,75,24886.05,75,975,105300
NIFTY-III.NFO,04/12/2024,09:29:17,24889,24885,75,24886.05,75,0,105300
NIFTY-III.NFO,04/12/2024,09:30:30,24890,24885.45,300,24897.95,225,1200,105300
NIFTY-III.NFO,04/12/2024,09:30:30,24897.95,24885.45,300,24897.95,225,0,105300
NIFTY-III.NFO,04/12/2024,09:31:52,24900.05,24900,300,24905.75,150,1875,106725
NIFTY-III.NFO,04/12/2024,09:31:52,24900.9,24900,300,24905.75,150,0,106725
NIFTY-III.NFO,04/12/2024,09:31:59,24900.05,24900.1,150,24901.95,150,0,106725
NIFTY-III.NFO,04/12/2024,09:32:04,24900.05,24900,375,24901.95,150,300,106725
NIFTY-III.NFO,04/12/2024,09:32:04,24901.95,24900,375,24901.95,150,0,106725
NIFTY-III.NFO,04/12/2024,09:32:05,24900.05,24900.05,75,24901.95,150,0,106725
NIFTY-III.NFO,04/12/2024,09:32:07,24900.05,24900.15,75,24901.95,150,0,106725
NIFTY-III.NFO,04/12/2024,09:32:09,24900.05,24900.1,225,24901.95,150,0,106725
NIFTY-III.NFO,04/12/2024,09:32:12,24900.05,24900.1,225,24902,150,0,106725
NIFTY-III.NFO,04/12/2024,09:32:14,24900.1,24900.1,75,24902,150,150,106725
NIFTY-III.NFO,04/12/2024,09:32:15,24900.1,24900.1,75,24902,150,0,106725
NIFTY-III.NFO,04/12/2024,09:32:17,24900.1,24900.15,75,24902,150,0,106725
NIFTY-III.NFO,04/12/2024,09:32:19,24900.1,24900.1,75,24902,150,0,106725
NIFTY-III.NFO,04/12/2024,09:32:22,24900.1,24900.15,75,24902,150,0,106725
NIFTY-III.NFO,04/12/2024,09:32:29,24900.1,24900.2,75,24902,150,0,106725
NIFTY-III.NFO,04/12/2024,09:32:32,24900.1,24900.2,75,24901.95,150,0,106725
NIFTY-III.NFO,04/12/2024,09:32:34,24900.1,24900.2,75,24901.95,150,150,106725
NIFTY-III.NFO,04/12/2024,09:32:35,24900.1,24900.1,150,24902,150,0,106725
NIFTY-III.NFO,04/12/2024,09:32:42,24900.1,24900.1,75,24901.95,150,150,106725
NIFTY-III.NFO,04/12/2024,09:32:44,24900.1,24900,75,24900.1,225,75,106725
NIFTY-III.NFO,04/12/2024,09:32:45,24900.1,24900,75,24900.1,225,0,106725
NIFTY-III.NFO,04/12/2024,09:32:47,24900.1,24900,75,24900.1,150,75,106725
NIFTY-III.NFO,04/12/2024,09:32:49,24900.1,24900.05,75,24900.1,150,0,106725
NIFTY-III.NFO,04/12/2024,09:32:50,24900.1,24900.05,75,24900.1,75,75,106725
NIFTY-III.NFO,04/12/2024,09:32:52,24895.05,24895,225,24900.1,75,225,106725
NIFTY-III.NFO,04/12/2024,09:32:54,24895.05,24895,225,24900.1,75,0,106725
NIFTY-III.NFO,04/12/2024,09:32:57,24895.05,24895,225,24900,75,0,106725
NIFTY-III.NFO,04/12/2024,09:33:07,24899.5,24895,225,24899.95,225,225,106725
NIFTY-III.NFO,04/12/2024,09:34:24,24902,24903.25,75,24905.9,75,675,107850
NIFTY-III.NFO,04/12/2024,09:34:24,24902,24903.25,75,24905.9,75,0,107850
NIFTY-III.NFO,04/12/2024,09:35:35,24907.35,24900.2,75,24906.4,150,2325,107850
NIFTY-III.NFO,04/12/2024,09:35:35,24910.85,24900.2,75,24906.4,150,0,107850
NIFTY-III.NFO,04/12/2024,09:36:51,24907.35,24905,675,24907.35,675,750,107850
NIFTY-III.NFO,04/12/2024,09:38:06,24912,24906.4,75,24915,600,1050,108900
NIFTY-III.NFO,04/12/2024,09:38:06,24912,24906.4,75,24915,600,0,108900
NIFTY-III.NFO,04/12/2024,09:39:20,24913,24913,300,24914.95,375,300,108900
NIFTY-III.NFO,04/12/2024,09:39:20,24915,24913,300,24914.95,375,0,108900
NIFTY-III.NFO,04/12/2024,09:40:29,24906.4,24906,75,24909.8,75,975,108975
NIFTY-III.NFO,04/12/2024,09:41:36,24909,24909,75,24910,150,375,108975
NIFTY-III.NFO,04/12/2024,09:42:46,24908.45,24906.1,75,24910.3,75,900,108975
NIFTY-III.NFO,04/12/2024,09:43:55,24910.3,24907.05,150,24913.95,150,225,109500
NIFTY-III.NFO,04/12/2024,09:44:58,24927.75,24922,75,24928.85,150,2325,109500
NIFTY-III.NFO,04/12/2024,09:44:58,24927.75,24922,75,24928.85,150,0,109500
NIFTY-III.NFO,04/12/2024,09:45:00,24927.75,24925.55,150,24929.4,150,0,109500
NIFTY-III.NFO,04/12/2024,09:45:01,24927.75,24929.2,300,24931.9,150,0,109500
NIFTY-III.NFO,04/12/2024,09:45:03,24927.75,24929.2,300,24932.75,150,0,109500
NIFTY-III.NFO,04/12/2024,09:45:05,24927.75,24929.2,300,24932.45,150,0,109500
NIFTY-III.NFO,04/12/2024,09:45:06,24927.75,24929.2,300,24932.35,150,0,109500
NIFTY-III.NFO,04/12/2024,09:45:08,24927.75,24929.2,300,24932.7,150,0,109500
NIFTY-III.NFO,04/12/2024,09:45:10,24927.75,24929.2,300,24933,225,0,109500
NIFTY-III.NFO,04/12/2024,09:45:12,24927.75,24929.2,300,24932.25,225,0,109500
NIFTY-III.NFO,04/12/2024,09:45:13,24927.75,24929.2,300,24931.75,225,0,109500
NIFTY-III.NFO,04/12/2024,09:45:15,24931.2,24922,75,24926.65,75,300,109500
NIFTY-III.NFO,04/12/2024,09:45:15,24931.2,24922,75,24926.65,75,0,109500
NIFTY-III.NFO,04/12/2024,09:45:17,24931.2,24922,75,24926.9,225,0,109500
NIFTY-III.NFO,04/12/2024,09:45:18,24921.2,24920.4,150,24925.25,225,600,109500
NIFTY-III.NFO,04/12/2024,09:45:20,24924.9,24919.6,150,24924.45,150,75,109500
NIFTY-III.NFO,04/12/2024,09:45:22,24924.9,24920.5,150,24924.8,225,0,109500
NIFTY-III.NFO,04/12/2024,09:45:23,24926.1,24916.45,150,24927.55,225,750,109500
NIFTY-III.NFO,04/12/2024,09:45:25,24926.1,24920.95,75,24930,150,0,109500
NIFTY-III.NFO,04/12/2024,09:45:35,24930,24921,150,24930,75,75,109500
NIFTY-III.NFO,04/12/2024,09:45:37,24930,24920.95,75,24930,75,0,109500
NIFTY-III.NFO,04/12/2024,09:45:40,24930,24921,150,24930,75,0,109500
NIFTY-III.NFO,04/12/2024,09:45:42,24930,24920.95,75,24930,75,0,109500
NIFTY-III.NFO,04/12/2024,09:45:45,24930,24920.95,75,24930,225,0,109500
NIFTY-III.NFO,04/12/2024,09:45:50,24930,24920,150,24929.95,150,75,109500
NIFTY-III.NFO,04/12/2024,09:45:52,24930,24920,150,24929.95,150,0,109500
NIFTY-III.NFO,04/12/2024,09:45:53,24930,24920,75,24926.25,75,0,109500
NIFTY-III.NFO,04/12/2024,09:45:55,24930,24920,75,24926.05,225,0,109500
NIFTY-III.NFO,04/12/2024,09:45:57,24930,24920,75,24925.5,75,0,109500
NIFTY-III.NFO,04/12/2024,09:46:15,24924.65,24920,75,24923.4,150,150,109650
NIFTY-III.NFO,04/12/2024,09:47:24,24919.85,24915,75,24919.85,75,3900,109650
NIFTY-III.NFO,04/12/2024,09:48:36,24905.5,24910.8,150,24915.75,75,225,109650
NIFTY-III.NFO,04/12/2024,09:48:59,24905.5,24913.1,150,24917.75,75,0,109650
NIFTY-III.NFO,04/12/2024,09:49:00,24917.75,24912.95,150,24917.8,75,75,109650
NIFTY-III.NFO,04/12/2024,09:49:02,24917.75,24913,150,24917.85,75,0,109650
NIFTY-III.NFO,04/12/2024,09:49:04,24917.75,24912.7,75,24917.45,75,0,109650
NIFTY-III.NFO,04/12/2024,09:49:05,24917.75,24911.85,150,24916.65,75,0,109650
NIFTY-III.NFO,04/12/2024,09:49:07,24917.75,24912.65,150,24917.5,150,0,109650
NIFTY-III.NFO,04/12/2024,09:49:10,24917.75,24912.5,150,24917.4,150,0,109650
NIFTY-III.NFO,04/12/2024,09:49:12,24917.75,24913.1,150,24917.9,75,0,109650
NIFTY-III.NFO,04/12/2024,09:49:14,24917.75,24914.1,150,24918.85,75,0,109650
NIFTY-III.NFO,04/12/2024,09:49:20,24917.75,24913.3,150,24918.15,75,0,109650
NIFTY-III.NFO,04/12/2024,09:49:22,24917.75,24914.45,150,24917.75,75,0,109650
NIFTY-III.NFO,04/12/2024,09:49:23,24917.75,24916.3,150,24920.75,75,0,109650
NIFTY-III.NFO,04/12/2024,09:49:25,24917.75,24913.05,75,24920.75,150,0,109650
NIFTY-III.NFO,04/12/2024,09:49:27,24917.75,24918.2,75,24920.95,75,0,109650
NIFTY-III.NFO,04/12/2024,09:49:32,24921.4,24918.2,75,24922.6,300,225,109650
NIFTY-III.NFO,04/12/2024,09:49:33,24921.4,24918.2,75,24922.6,300,0,109650
NIFTY-III.NFO,04/12/2024,09:49:35,24921.4,24918.2,75,24922.6,225,0,109650
NIFTY-III.NFO,04/12/2024,09:49:38,24923,24918.95,150,24922.95,75,225,109650
NIFTY-III.NFO,04/12/2024,09:49:40,24923,24918.2,75,24927.3,150,0,109650
NIFTY-III.NFO,04/12/2024,09:49:43,24923,24912.55,75,24927.3,150,0,109650
NIFTY-III.NFO,04/12/2024,09:49:47,24923,24912,75,24927.3,150,0,109650
NIFTY-III.NFO,04/12/2024,09:49:48,24923,24906.05,75,24927.3,150,0,109650
NIFTY-III.NFO,04/12/2024,09:49:50,24923,24912.5,75,24927.3,150,0,109650
NIFTY-III.NFO,04/12/2024,09:49:52,24923,24912.9,75,24927.3,150,0,109650
NIFTY-III.NFO,04/12/2024,09:49:53,24923,24913.25,75,24927.3,150,0,109650
NIFTY-III.NFO,04/12/2024,09:49:55,24923,24906.05,75,24927.3,150,0,109650
NIFTY-III.NFO,04/12/2024,09:49:58,24927.15,24906.05,225,24927.2,225,375,109650
NIFTY-III.NFO,04/12/2024,09:49:58,24927.15,24911.95,225,24927.2,225,0,109650
NIFTY-III.NFO,04/12/2024,09:50:00,24924,24906.05,225,24927.2,225,75,109650
NIFTY-III.NFO,04/12/2024,09:50:02,24924,24910.75,225,24927.2,225,0,109650
NIFTY-III.NFO,04/12/2024,09:50:05,24924,24906.1,225,24927.2,225,0,109650
NIFTY-III.NFO,04/12/2024,09:50:07,24924,24909.6,225,24927.2,225,0,109650
NIFTY-III.NFO,04/12/2024,09:50:08,24924,24908.65,75,24918.65,150,0,109650
NIFTY-III.NFO,04/12/2024,09:50:10,24924,24908,75,24918.45,150,0,109650
NIFTY-III.NFO,04/12/2024,09:50:12,24924,24908.15,75,24918.35,150,0,109650
NIFTY-III.NFO,04/12/2024,09:50:13,24924,24907.3,75,24916.9,225,0,109650
NIFTY-III.NFO,04/12/2024,09:50:15,24924,24906.85,75,24914,300,0,109650
NIFTY-III.NFO,04/12/2024,09:50:17,24924,24908.25,75,24917.45,150,0,109650
NIFTY-III.NFO,04/12/2024,09:50:18,24924,24907.25,75,24915.95,225,0,109650
NIFTY-III.NFO,04/12/2024,09:50:20,24924,24907.25,150,24914.95,150,0,109650
NIFTY-III.NFO,04/12/2024,09:50:22,24924,24907.25,75,24914.9,225,0,109650
NIFTY-III.NFO,04/12/2024,09:50:23,24924,24907.3,75,24916.85,150,0,109650
NIFTY-III.NFO,04/12/2024,09:50:28,24924,24907.3,75,24915.65,150,0,109650
NIFTY-III.NFO,04/12/2024,09:50:30,24924,24910.6,75,24915.5,75,0,109650
NIFTY-III.NFO,04/12/2024,09:50:32,24924,24910.6,75,24918.95,225,0,109650
NIFTY-III.NFO,04/12/2024,09:50:33,24924,24906.05,75,24918.95,225,0,109650
NIFTY-III.NFO,04/12/2024,09:50:35,24924,24908.65,75,24918.95,225,0,109650
NIFTY-III.NFO,04/12/2024,09:50:36,24924,24906.1,75,24918.95,225,0,109650
NIFTY-III.NFO,04/12/2024,09:50:38,24924,24906.1,225,24918.95,225,0,109650
NIFTY-III.NFO,04/12/2024,09:50:40,24924,24906.1,225,24919.95,150,0,109650
NIFTY-III.NFO,04/12/2024,09:50:41,24924,24908.05,75,24919.7,225,0,109650
NIFTY-III.NFO,04/12/2024,09:50:43,24924,24906.1,225,24919.7,225,0,109650
NIFTY-III.NFO,04/12/2024,09:50:45,24924,24906.2,75,24919.7,225,0,109650
NIFTY-III.NFO,04/12/2024,09:50:46,24924,24910,75,24920,150,0,109650
NIFTY-III.NFO,04/12/2024,09:50:48,24919.95,24906.3,225,24919.95,150,75,109650
NIFTY-III.NFO,04/12/2024,09:50:50,24919.95,24906.35,225,24919.95,150,0,109650
NIFTY-III.NFO,04/12/2024,09:50:51,24919.95,24908.45,75,24919.95,150,0,109650
NIFTY-III.NFO,04/12/2024,09:50:53,24919.95,24906.4,225,24919.95,150,0,109650
NIFTY-III.NFO,04/12/2024,09:50:56,24919.95,24907,225,24920,150,0,109650
NIFTY-III.NFO,04/12/2024,09:50:58,24919.95,24908.7,75,24920,150,0,109650
NIFTY-III.NFO,04/12/2024,09:51:59,24924,24912.3,75,24921.7,150,300,109650
NIFTY-III.NFO,04/12/2024,09:52:01,24924,24912.25,75,24921,300,0,109650
NIFTY-III.NFO,04/12/2024,09:52:03,24924,24912.35,75,24921,300,0,109650
NIFTY-III.NFO,04/12/2024,09:52:04,24924,24911.8,75,24920.35,75,0,109650
NIFTY-III.NFO,04/12/2024,09:52:06,24924,24910.75,150,24918.95,225,0,109650
NIFTY-III.NFO,04/12/2024,09:52:08,24924,24910.8,150,24918.95,75,0,109650
NIFTY-III.NFO,04/12/2024,09:52:09,24924,24911.4,75,24920.15,150,0,109650
NIFTY-III.NFO,04/12/2024,09:52:13,24924,24910.8,150,24919.05,75,0,109650
NIFTY-III.NFO,04/12/2024,09:52:16,24919.05,24910.8,150,24919.35,75,75,109275
NIFTY-III.NFO,04/12/2024,09:52:18,24919.05,24910.8,150,24919.5,75,0,109275
NIFTY-III.NFO,04/12/2024,09:52:19,24919.05,24919.05,75,24922.75,75,0,109275
NIFTY-III.NFO,04/12/2024,09:52:21,24919.05,24919.05,150,24922.55,75,0,109275
NIFTY-III.NFO,04/12/2024,09:52:24,24919.05,24919.05,150,24923.95,150,0,109275
NIFTY-III.NFO,04/12/2024,09:52:31,24919.05,24919.05,75,24922,75,75,109275
NIFTY-III.NFO,04/12/2024,09:52:33,24919.05,24920,75,24922,75,0,109275
NIFTY-III.NFO,04/12/2024,09:52:46,24919.05,24920,150,24922,75,0,109275
NIFTY-III.NFO,04/12/2024,09:52:48,24922,24918.05,75,24923.95,75,75,109275
NIFTY-III.NFO,04/12/2024,09:52:49,24922,24918.05,75,24923.95,75,0,109275
NIFTY-III.NFO,04/12/2024,09:52:51,24922,24918.1,75,24923.95,75,0,109275
NIFTY-III.NFO,04/12/2024,09:52:56,24923.95,24924,75,24929.95,225,75,109275
NIFTY-III.NFO,04/12/2024,09:52:57,24923.95,24924,75,24929.95,225,0,109275
NIFTY-III.NFO,04/12/2024,09:53:08,24918.95,24917.8,75,24925,75,750,109275
NIFTY-III.NFO,04/12/2024,09:54:19,24919.2,24918.95,75,24921.9,75,900,109275
NIFTY-III.NFO,04/12/2024,09:55:30,24924,24923,450,24926.65,75,150,109200
NIFTY-III.NFO,04/12/2024,09:55:59,24924,24923,450,24928.5,75,0,109200
NIFTY-III.NFO,04/12/2024,09:56:00,24924,24923,450,24928.3,75,0,109200
NIFTY-III.NFO,04/12/2024,09:56:02,24924,24923,450,24928.7,75,0,109200
NIFTY-III.NFO,04/12/2024,09:56:04,24924,24923,450,24928.45,75,0,109200
NIFTY-III.NFO,04/12/2024,09:56:05,24924,24923,450,24928.45,225,0,109200
NIFTY-III.NFO,04/12/2024,09:56:07,24924,24923,450,24924.15,75,0,109200
NIFTY-III.NFO,04/12/2024,09:56:09,24924,24923,450,24927.35,150,0,109200
NIFTY-III.NFO,04/12/2024,09:56:12,24927.35,24923,450,24927.35,75,75,109200
NIFTY-III.NFO,04/12/2024,09:56:14,24927.35,24923,450,24927.35,75,0,109200
NIFTY-III.NFO,04/12/2024,09:56:22,24927.35,24923,450,24927.15,150,0,109200
NIFTY-III.NFO,04/12/2024,09:56:24,24927.35,24923,450,24927.15,75,0,109200
NIFTY-III.NFO,04/12/2024,09:56:25,24923,24923,375,24926.15,75,75,109200
NIFTY-III.NFO,04/12/2024,09:56:32,24923,24923,375,24925.85,300,0,109200
NIFTY-III.NFO,04/12/2024,09:56:34,24923,24920,900,24923.45,150,375,109200
NIFTY-III.NFO,04/12/2024,09:56:35,24923,24920,900,24924.15,150,0,109200
NIFTY-III.NFO,04/12/2024,09:56:45,24923,24920,900,24924.9,75,0,109200
NIFTY-III.NFO,04/12/2024,09:56:47,24923,24920,900,24925,450,0,109200
NIFTY-III.NFO,04/12/2024,09:56:50,24923,24920,900,24925,525,0,109200
NIFTY-III.NFO,04/12/2024,09:56:52,24923,24920,900,24924.8,75,0,109200
NIFTY-III.NFO,04/12/2024,09:56:57,24923,24920.05,150,24925,450,0,109200
NIFTY-III.NFO,04/12/2024,09:57:48,24919.2,24913.4,75,24918,450,1275,109200
NIFTY-III.NFO,04/12/2024,09:59:08,24919.85,24917.9,225,24924.95,150,675,109875
NIFTY-III.NFO,04/12/2024,10:00:23,24919.85,24910.1,225,24919.95,150,0,109875
NIFTY-III.NFO,04/12/2024,10:01:35,24913.15,24920,150,24925,75,750,109425
NIFTY-III.NFO,04/12/2024,10:02:42,24920.05,24920.05,75,24925,225,75,109425
NIFTY-III.NFO,04/12/2024,10:03:51,24922.45,24922.7,75,24925,225,225,109425
NIFTY-III.NFO,04/12/2024,10:05:10,24925,24920,375,24925,150,75,109725
NIFTY-III.NFO,04/12/2024,10:06:28,24930,24930.6,150,24935.5,75,300,109725
NIFTY-III.NFO,04/12/2024,10:07:41,24942.8,24935,150,24942.8,225,750,109875
NIFTY-III.NFO,04/12/2024,10:07:41,24942.8,24935,150,24942.8,225,0,109875
NIFTY-III.NFO,04/12/2024,10:08:51,24940,24934.35,75,24945.8,300,525,109875
NIFTY-III.NFO,04/12/2024,10:08:51,24947.8,24934.35,75,24945.8,300,0,109875
NIFTY-III.NFO,04/12/2024,10:10:01,24929.55,24927.05,75,24937,75,225,109875
NIFTY-III.NFO,04/12/2024,10:11:09,24929,24930.05,75,24938.75,300,150,109950
NIFTY-III.NFO,04/12/2024,10:12:17,24935,24931,75,24933.1,75,75,109950
NIFTY-III.NFO,04/12/2024,10:12:59,24927.05,24920.15,150,24926.7,75,225,109950
NIFTY-III.NFO,04/12/2024,10:13:00,24927.05,24920.15,150,24926.55,75,0,109950
NIFTY-III.NFO,04/12/2024,10:13:04,24927.05,24920.15,150,24926.4,75,0,109950
NIFTY-III.NFO,04/12/2024,10:13:05,24927.05,24920.75,300,24929.3,150,0,109950
NIFTY-III.NFO,04/12/2024,10:13:14,24927.05,24920.75,75,24929.3,150,0,109950
NIFTY-III.NFO,04/12/2024,10:13:15,24927.05,24920.15,75,24926.5,75,0,109950
NIFTY-III.NFO,04/12/2024,10:13:17,24927.05,24920.15,75,24928.3,150,0,109950
NIFTY-III.NFO,04/12/2024,10:13:20,24927.05,24920.15,75,24928.3,300,0,109950
NIFTY-III.NFO,04/12/2024,10:13:22,24927.05,24920.1,150,24927.7,150,0,109950
NIFTY-III.NFO,04/12/2024,10:13:24,24927.05,24920.1,75,24926.95,150,0,109950
NIFTY-III.NFO,04/12/2024,10:13:25,24927.05,24920.1,75,24924.2,75,0,109950
NIFTY-III.NFO,04/12/2024,10:13:27,24920.1,24920,375,24920.1,825,75,110175
NIFTY-III.NFO,04/12/2024,10:13:29,24920.1,24920,375,24920.1,825,0,110175
NIFTY-III.NFO,04/12/2024,10:13:32,24920,24913.05,150,24919.55,450,375,110175
NIFTY-III.NFO,04/12/2024,10:13:34,24920,24912.85,150,24919.55,450,0,110175
NIFTY-III.NFO,04/12/2024,10:13:35,24920,24913.85,150,24919.55,450,0,110175
NIFTY-III.NFO,04/12/2024,10:13:37,24920,24913.05,300,24919.55,450,0,110175
NIFTY-III.NFO,04/12/2024,10:13:39,24920,24917.25,150,24924,75,0,110175
NIFTY-III.NFO,04/12/2024,10:13:40,24915.85,24915.4,75,24915.85,375,75,110175
NIFTY-III.NFO,04/12/2024,10:13:42,24915.85,24915.4,75,24915.85,375,0,110175
NIFTY-III.NFO,04/12/2024,10:13:44,24915.4,24914.85,75,24915.85,375,75,110175
NIFTY-III.NFO,04/12/2024,10:13:45,24914.9,24911.65,75,24914.85,375,75,110175
NIFTY-III.NFO,04/12/2024,10:13:47,24914.9,24911.65,75,24914.85,375,0,110175
NIFTY-III.NFO,04/12/2024,10:13:50,24914.9,24910.45,225,24915.85,75,0,110175
NIFTY-III.NFO,04/12/2024,10:13:55,24914.9,24912.15,75,24914,75,0,110175
NIFTY-III.NFO,04/12/2024,10:14:35,24914.9,24920,75,24923.7,150,600,110175
NIFTY-III.NFO,04/12/2024,10:15:43,24924.55,24920,150,24925,150,150,110175
NIFTY-III.NFO,04/12/2024,10:16:48,24919.5,24918.5,75,24926.85,75,1050,111075
NIFTY-III.NFO,04/12/2024,10:17:55,24931.9,24923.25,75,24931.4,75,150,111075
NIFTY-III.NFO,04/12/2024,10:19:01,24930.6,24927.35,75,24930.6,75,150,111075
NIFTY-III.NFO,04/12/2024,10:20:07,24930,24925,750,24927.5,150,225,111225
NIFTY-III.NFO,04/12/2024,10:21:17,24918.5,24905,75,24914.95,225,975,111225
NIFTY-III.NFO,04/12/2024,10:22:35,24890.75,24897.25,75,24908.3,150,600,112050
NIFTY-III.NFO,04/12/2024,10:23:55,24910,24902.4,150,24910,150,375,112050
NIFTY-III.NFO,04/12/2024,10:25:05,24910,24906,75,24908,75,0,112050
NIFTY-III.NFO,04/12/2024,10:26:11,24900,24900,225,24903.8,75,225,112125
NIFTY-III.NFO,04/12/2024,10:27:20,24900,24900,150,24903.8,75,150,112125
NIFTY-III.NFO,04/12/2024,10:28:27,24896.65,24892.5,150,24901.7,75,150,112350
NIFTY-III.NFO,04/12/2024,10:29:31,24901.7,24899.55,150,24903.8,75,75,112350
NIFTY-III.NFO,04/12/2024,10:30:38,24905.1,24897.25,75,24906.4,225,375,112350
NIFTY-III.NFO,04/12/2024,10:31:44,24905.5,24906.4,150,24910,150,150,112350
NIFTY-III.NFO,04/12/2024,10:32:48,24906.7,24903.9,300,24910,150,225,112725
NIFTY-III.NFO,04/12/2024,10:33:58,24910,24909.75,225,24918.25,150,300,112725
NIFTY-III.NFO,04/12/2024,10:35:08,24910,24908.65,225,24917.9,150,75,112725
NIFTY-III.NFO,04/12/2024,10:36:15,24920,24920,75,24923.15,75,150,112725
NIFTY-III.NFO,04/12/2024,10:37:22,24920,24923.5,75,24928,225,0,112725
NIFTY-III.NFO,04/12/2024,10:38:29,24920,24915.5,150,24924.05,150,225,112800
NIFTY-III.NFO,04/12/2024,10:39:36,24911.4,24911.25,75,24918.35,225,525,112800
NIFTY-III.NFO,04/12/2024,10:40:43,24917.75,24915,600,24919.95,300,375,112875
NIFTY-III.NFO,04/12/2024,10:41:51,24925.05,24920,600,24921.9,225,150,112875
NIFTY-III.NFO,04/12/2024,10:42:56,24920,24920,450,24926,75,150,112875
NIFTY-III.NFO,04/12/2024,10:44:01,24920,24920,450,24926,150,0,112875
NIFTY-III.NFO,04/12/2024,10:45:06,24920,24910.35,75,24920.75,225,525,113250
NIFTY-III.NFO,04/12/2024,10:46:16,24900.1,24900,75,24909.1,300,600,113250
NIFTY-III.NFO,04/12/2024,10:47:22,24912.8,24901.7,300,24913.4,300,75,113400
NIFTY-III.NFO,04/12/2024,10:48:26,24912.8,24905.2,300,24913.35,375,0,113400
NIFTY-III.NFO,04/12/2024,10:49:32,24900,24900,75,24904.1,375,75,113325
NIFTY-III.NFO,04/12/2024,10:50:00,24900,24900,75,24904.3,375,75,113325
NIFTY-III.NFO,04/12/2024,10:50:02,24900,24900,75,24907.1,300,0,113325
NIFTY-III.NFO,04/12/2024,10:50:05,24900,24900,75,24908.55,300,0,113325
NIFTY-III.NFO,04/12/2024,10:50:10,24900,24900,75,24905.05,300,0,113325
NIFTY-III.NFO,04/12/2024,10:50:11,24900,24900.05,300,24908.4,300,0,113325
NIFTY-III.NFO,04/12/2024,10:50:13,24900,24900,75,24908.55,300,0,113325
NIFTY-III.NFO,04/12/2024,10:50:15,24900,24897.8,300,24908.55,450,75,113325
NIFTY-III.NFO,04/12/2024,10:50:16,24900,24898.3,300,24908.55,300,0,113325
NIFTY-III.NFO,04/12/2024,10:50:18,24900,24896.65,300,24908.55,450,0,113325
NIFTY-III.NFO,04/12/2024,10:50:19,24900,24898.05,300,24908.55,300,0,113325
NIFTY-III.NFO,04/12/2024,10:50:28,24900,24898.25,300,24908.95,300,0,113325
NIFTY-III.NFO,04/12/2024,10:50:29,24900,24898.35,300,24908.95,300,0,113325
NIFTY-III.NFO,04/12/2024,10:50:34,24900,24898.45,300,24908.9,300,0,113325
NIFTY-III.NFO,04/12/2024,10:50:37,24900,24897.85,300,24908.9,300,0,113325
NIFTY-III.NFO,04/12/2024,10:50:44,24900,24898.15,300,24908.9,300,0,113325
NIFTY-III.NFO,04/12/2024,10:50:46,24900,24897.85,300,24908.9,300,0,113325
NIFTY-III.NFO,04/12/2024,10:50:52,24900,24898.35,300,24908.9,300,0,113325
NIFTY-III.NFO,04/12/2024,10:50:54,24900,24898.45,300,24908.9,300,0,113325
NIFTY-III.NFO,04/12/2024,10:50:56,24900,24899.85,300,24909.35,75,0,113325
NIFTY-III.NFO,04/12/2024,10:50:57,24900,24899.85,300,24909.3,300,0,113325
NIFTY-III.NFO,04/12/2024,10:51:50,24900,24910.35,75,24913.4,75,0,113325
NIFTY-III.NFO,04/12/2024,10:51:59,24900,24910.3,300,24913.4,75,0,113325
NIFTY-III.NFO,04/12/2024,10:52:01,24900,24908,300,24913.4,75,0,113325
NIFTY-III.NFO,04/12/2024,10:52:03,24900,24908.5,300,24913.4,75,0,113325
NIFTY-III.NFO,04/12/2024,10:52:04,24900,24910.05,300,24913.4,75,0,113325
NIFTY-III.NFO,04/12/2024,10:52:06,24900,24909.95,300,24913.4,75,0,113325
NIFTY-III.NFO,04/12/2024,10:52:08,24913.4,24908.6,300,24917.1,150,75,113400
NIFTY-III.NFO,04/12/2024,10:52:09,24913.4,24913.65,75,24920.95,300,0,113400
NIFTY-III.NFO,04/12/2024,10:52:11,24913.4,24912.4,75,24920.8,300,0,113400
NIFTY-III.NFO,04/12/2024,10:52:13,24913.4,24912.55,75,24920.8,300,0,113400
NIFTY-III.NFO,04/12/2024,10:52:18,24913.4,24913.3,300,24922.2,300,0,113400
NIFTY-III.NFO,04/12/2024,10:52:19,24913.4,24913.55,75,24922.2,300,0,113400
NIFTY-III.NFO,04/12/2024,10:52:21,24913.4,24914.85,75,24923.95,375,0,113400
NIFTY-III.NFO,04/12/2024,10:52:23,24913.4,24914.75,75,24923.95,375,0,113400
NIFTY-III.NFO,04/12/2024,10:52:24,24913.4,24915.2,75,24924.7,300,0,113400
NIFTY-III.NFO,04/12/2024,10:52:26,24913.4,24915.2,75,24924.4,300,0,113400
NIFTY-III.NFO,04/12/2024,10:52:28,24913.4,24915.35,75,24924.4,300,0,113400
NIFTY-III.NFO,04/12/2024,10:52:36,24913.4,24916.25,75,24924.85,300,0,113400
NIFTY-III.NFO,04/12/2024,10:52:38,24913.4,24915.4,75,24924.85,300,0,113400
NIFTY-III.NFO,04/12/2024,10:52:39,24913.4,24915.4,75,24924.45,375,0,113400
NIFTY-III.NFO,04/12/2024,10:52:41,24913.4,24915.05,75,24924.45,375,0,113400
NIFTY-III.NFO,04/12/2024,10:52:43,24913.4,24915.35,75,24924.45,375,0,113400
NIFTY-III.NFO,04/12/2024,10:52:46,24913.4,24916.55,75,24924.25,300,0,113400
NIFTY-III.NFO,04/12/2024,10:52:48,24913.4,24918.45,75,24925.95,375,0,113400
NIFTY-III.NFO,04/12/2024,10:52:49,24913.4,24916.55,300,24925.95,375,0,113400
NIFTY-III.NFO,04/12/2024,10:52:51,24913.4,24917.15,300,24925.75,300,0,113400
NIFTY-III.NFO,04/12/2024,10:52:53,24913.4,24919.05,75,24925.95,375,0,113400
NIFTY-III.NFO,04/12/2024,10:52:55,24913.4,24918.8,300,24926,75,0,113400
NIFTY-III.NFO,04/12/2024,10:52:56,24913.4,24919.15,300,24926,150,0,113400
NIFTY-III.NFO,04/12/2024,10:52:58,24913.4,24921.2,75,24926,75,0,113400
NIFTY-III.NFO,04/12/2024,10:53:00,24913.4,24919.8,75,24926,75,0,113400
NIFTY-III.NFO,04/12/2024,10:53:01,24913.4,24921.15,75,24926,75,0,113400
NIFTY-III.NFO,04/12/2024,10:53:05,24913.4,24921.15,75,24925.95,300,0,113400
NIFTY-III.NFO,04/12/2024,10:53:06,24913.4,24918.65,75,24925.95,300,0,113400
NIFTY-III.NFO,04/12/2024,10:53:08,24913.4,24918.8,75,24925.95,300,0,113400
NIFTY-III.NFO,04/12/2024,10:53:10,24913.4,24918.8,75,24925.95,375,0,113400
NIFTY-III.NFO,04/12/2024,10:53:11,24913.4,24918.95,75,24925.95,375,0,113400
NIFTY-III.NFO,04/12/2024,10:53:16,24913.4,24919.25,75,24925.95,300,0,113400
NIFTY-III.NFO,04/12/2024,10:53:18,24913.4,24916.85,75,24925.95,375,0,113400
NIFTY-III.NFO,04/12/2024,10:53:20,24925.95,24918.5,75,24925.95,300,75,113400
NIFTY-III.NFO,04/12/2024,10:53:21,24925.95,24918.5,75,24925.95,300,0,113400
NIFTY-III.NFO,04/12/2024,10:53:23,24925.95,24917.9,75,24925.95,300,0,113400
NIFTY-III.NFO,04/12/2024,10:53:25,24925.95,24917.15,150,24925.95,300,0,113400
NIFTY-III.NFO,04/12/2024,10:53:26,24925.95,24917.35,150,24925.95,300,0,113400
NIFTY-III.NFO,04/12/2024,10:53:28,24925.95,24916.35,150,24925.95,300,0,113400
NIFTY-III.NFO,04/12/2024,10:53:29,24925.95,24916.85,300,24925.95,300,0,113400
NIFTY-III.NFO,04/12/2024,10:53:31,24925.95,24916.95,300,24925.95,300,0,113400
NIFTY-III.NFO,04/12/2024,10:53:33,24925.95,24915.25,150,24925.95,300,0,113400
NIFTY-III.NFO,04/12/2024,10:53:34,24925.95,24916.5,150,24925.95,300,0,113400
NIFTY-III.NFO,04/12/2024,10:53:36,24925.95,24915.85,300,24925.95,300,0,113400
NIFTY-III.NFO,04/12/2024,10:53:38,24925.95,24915.3,300,24925.95,300,0,113400
NIFTY-III.NFO,04/12/2024,10:53:39,24925.95,24915.25,150,24925.95,300,0,113400
NIFTY-III.NFO,04/12/2024,10:53:41,24925.95,24914.85,300,24925.95,300,0,113400
NIFTY-III.NFO,04/12/2024,10:53:43,24925.95,24913.4,1425,24925.95,450,0,113400
NIFTY-III.NFO,04/12/2024,10:53:44,24925.95,24914.15,300,24925.95,450,0,113400
NIFTY-III.NFO,04/12/2024,10:53:46,24925.95,24915.45,300,24925.95,300,0,113400
NIFTY-III.NFO,04/12/2024,10:53:48,24925.95,24915.1,300,24925.95,300,0,113400
NIFTY-III.NFO,04/12/2024,10:53:51,24925.95,24915.2,300,24925.95,300,0,113400
NIFTY-III.NFO,04/12/2024,10:53:53,24925.95,24915.7,300,24925.95,300,0,113400
NIFTY-III.NFO,04/12/2024,10:54:25,24925.95,24914.65,300,24925.9,300,0,113400
NIFTY-III.NFO,04/12/2024,10:55:29,24925.85,24920.05,300,24925.5,75,1425,113400
NIFTY-III.NFO,04/12/2024,10:56:41,24927.8,24921,675,24926.9,75,150,114000
NIFTY-III.NFO,04/12/2024,10:57:48,24921.05,24921.1,375,24927,75,150,114000
NIFTY-III.NFO,04/12/2024,10:58:54,24921.05,24921,750,24922.7,300,150,113925
NIFTY-III.NFO,04/12/2024,10:59:59,24921,24915.1,300,24922.45,150,825,113925
NIFTY-III.NFO,04/12/2024,11:01:12,24905.5,24906.8,225,24913,150,300,113925
NIFTY-III.NFO,04/12/2024,11:02:22,24910.95,24911.5,150,24920.65,375,600,114900
NIFTY-III.NFO,04/12/2024,11:03:40,24910.95,24908.8,150,24918.2,375,0,114900
NIFTY-III.NFO,04/12/2024,11:04:54,24910.95,24918.2,75,24920.95,300,0,114900
NIFTY-III.NFO,04/12/2024,11:06:03,24918.2,24911.15,75,24918.65,300,150,115350
NIFTY-III.NFO,04/12/2024,11:07:16,24918.2,24911.05,150,24919.75,375,0,115350
NIFTY-III.NFO,04/12/2024,11:08:22,24910.95,24907.25,75,24915.45,300,75,115425
NIFTY-III.NFO,04/12/2024,11:09:27,24907,24907,75,24916.8,375,150,115425
NIFTY-III.NFO,04/12/2024,11:10:31,24910,24911.95,150,24915,75,75,115425
NIFTY-III.NFO,04/12/2024,11:11:36,24910,24910.05,150,24918.55,375,0,115425
NIFTY-III.NFO,04/12/2024,11:12:40,24913.55,24910.05,150,24919.4,300,75,115575
NIFTY-III.NFO,04/12/2024,11:13:42,24913.55,24910,300,24920.5,375,0,115575
NIFTY-III.NFO,04/12/2024,11:14:47,24910,24910,75,24914.9,300,150,115650
NIFTY-III.NFO,04/12/2024,11:15:50,24910,24910,75,24915,75,0,115650
NIFTY-III.NFO,04/12/2024,11:16:52,24910,24910,75,24914.95,300,0,115650
NIFTY-III.NFO,04/12/2024,11:17:57,24910,24907.05,300,24914.75,375,75,115800
NIFTY-III.NFO,04/12/2024,11:19:01,24910.85,24910.95,75,24915,225,150,115800
NIFTY-III.NFO,04/12/2024,11:20:07,24917.65,24912.95,150,24919.9,375,525,115875
NIFTY-III.NFO,04/12/2024,11:21:13,24917.65,24910.1,150,24917.6,375,0,115875
NIFTY-III.NFO,04/12/2024,11:22:26,24917.65,24910.15,375,24917.6,450,0,115875
NIFTY-III.NFO,04/12/2024,11:23:38,24917.65,24910.1,75,24915.2,300,0,115875
NIFTY-III.NFO,04/12/2024,11:24:53,24915,24910.15,375,24915,75,75,115875
NIFTY-III.NFO,04/12/2024,11:26:01,24915,24910.1,75,24915,150,0,115875
NIFTY-III.NFO,04/12/2024,11:27:14,24917.6,24915,75,24917.6,300,225,115800
NIFTY-III.NFO,04/12/2024,11:28:16,24915,24911.95,300,24917.6,75,75,115800
NIFTY-III.NFO,04/12/2024,11:29:28,24915,24913.35,300,24917.6,75,0,115800
NIFTY-III.NFO,04/12/2024,11:30:43,24915,24911.85,300,24917.6,75,0,115800
NIFTY-III.NFO,04/12/2024,11:31:51,24917.55,24910.45,375,24917.55,150,75,115875
NIFTY-III.NFO,04/12/2024,11:32:58,24917.55,24911.45,375,24917.6,75,0,115875
NIFTY-III.NFO,04/12/2024,11:34:10,24917.55,24910.1,75,24914.95,225,0,115875
NIFTY-III.NFO,04/12/2024,11:35:21,24910.3,24911.7,375,24917.65,75,225,115950
NIFTY-III.NFO,04/12/2024,11:36:34,24911.5,24911.35,375,24917.65,75,150,115950
NIFTY-III.NFO,04/12/2024,11:37:42,24917.65,24918,75,24921,450,75,116175
NIFTY-III.NFO,04/12/2024,11:38:50,24920.95,24918,75,24920.9,225,225,116175
NIFTY-III.NFO,04/12/2024,11:39:55,24918,24911.7,375,24918,75,75,116175
NIFTY-III.NFO,04/12/2024,11:41:01,24918,24911.75,300,24918,375,75,116175
NIFTY-III.NFO,04/12/2024,11:42:17,24919.95,24906.5,300,24914.9,225,150,116550
NIFTY-III.NFO,04/12/2024,11:43:33,24919.95,24910.1,150,24917.95,225,0,116550
NIFTY-III.NFO,04/12/2024,11:44:46,24913.95,24906.6,75,24914.95,150,75,116625
NIFTY-III.NFO,04/12/2024,11:45:58,24904.75,24905.05,375,24914.1,75,300,116625
NIFTY-III.NFO,04/12/2024,11:47:03,24914.1,24905.05,300,24913.95,300,150,116925
NIFTY-III.NFO,04/12/2024,11:48:09,24905,24902.05,300,24911.7,300,75,116925
NIFTY-III.NFO,04/12/2024,11:49:23,24910,24903,150,24909.95,300,75,116925
NIFTY-III.NFO,04/12/2024,11:50:29,24910,24900.25,300,24906,75,0,116925
NIFTY-III.NFO,04/12/2024,11:51:31,24906,24900.05,375,24908.15,375,75,116925
NIFTY-III.NFO,04/12/2024,11:52:33,24906,24901.05,375,24906,75,0,116925
NIFTY-III.NFO,04/12/2024,11:53:38,24906,24901,75,24905.95,300,0,116925
NIFTY-III.NFO,04/12/2024,11:54:41,24906,24901.05,300,24904,75,0,116925
NIFTY-III.NFO,04/12/2024,11:55:51,24865,24861.6,75,24869.15,225,1275,117000
NIFTY-III.NFO,04/12/2024,11:55:59,24840,24840,75,24847.05,225,1125,117000
NIFTY-III.NFO,04/12/2024,11:56:01,24840,24836.85,225,24847,225,75,117000
NIFTY-III.NFO,04/12/2024,11:56:02,24840,24836.05,150,24846.35,225,0,117000
NIFTY-III.NFO,04/12/2024,11:56:04,24840,24836.05,225,24847,225,0,117000
NIFTY-III.NFO,04/12/2024,11:56:06,24840,24840.8,150,24849.2,225,0,117000
NIFTY-III.NFO,04/12/2024,11:56:07,24840,24844.8,150,24853.35,225,0,117000
NIFTY-III.NFO,04/12/2024,11:56:09,24840,24840.8,150,24850.05,225,0,117000
NIFTY-III.NFO,04/12/2024,11:56:11,24840,24838.05,150,24850.1,225,0,117000
NIFTY-III.NFO,04/12/2024,11:56:12,24840,24836.75,225,24846.1,300,0,117000
NIFTY-III.NFO,04/12/2024,11:56:16,24840,24842.45,225,24852.65,225,0,117000
NIFTY-III.NFO,04/12/2024,11:56:17,24840,24843.45,300,24852.85,225,0,117000
NIFTY-III.NFO,04/12/2024,11:56:19,24840,24841.75,150,24851.8,225,0,117000
NIFTY-III.NFO,04/12/2024,11:56:21,24840,24845.45,150,24853.95,225,0,117000
NIFTY-III.NFO,04/12/2024,11:56:22,24840,24845.05,225,24853.85,225,0,117000
NIFTY-III.NFO,04/12/2024,11:56:24,24840,24845,225,24854,300,0,117000
NIFTY-III.NFO,04/12/2024,11:56:26,24840,24841.7,150,24852,225,0,117000
NIFTY-III.NFO,04/12/2024,11:56:27,24840,24839.2,150,24852,225,0,117000
NIFTY-III.NFO,04/12/2024,11:56:29,24840,24837.85,300,24850.05,225,0,117000
NIFTY-III.NFO,04/12/2024,11:56:31,24840,24836,75,24843.95,225,0,117000
NIFTY-III.NFO,04/12/2024,11:56:32,24840,24840,75,24840.05,225,0,117000
NIFTY-III.NFO,04/12/2024,11:56:34,24840,24836,75,24837.9,225,150,117000
NIFTY-III.NFO,04/12/2024,11:56:35,24836,24830,300,24838.1,225,75,117000
NIFTY-III.NFO,04/12/2024,11:56:37,24830,24830.1,75,24834.5,225,75,117000
NIFTY-III.NFO,04/12/2024,11:56:39,24830,24827.95,75,24834.5,225,375,117000
NIFTY-III.NFO,04/12/2024,11:56:40,24810,24806,75,24807.55,225,1125,117000
NIFTY-III.NFO,04/12/2024,11:56:42,24802,24803.85,150,24814.45,300,525,117000
NIFTY-III.NFO,04/12/2024,11:56:44,24803.95,24806.45,150,24812.95,150,75,117000
NIFTY-III.NFO,04/12/2024,11:56:45,24803.95,24807.55,225,24820.15,375,0,117000
NIFTY-III.NFO,04/12/2024,11:56:47,24801,24800.2,75,24807.9,150,75,117000
NIFTY-III.NFO,04/12/2024,11:56:49,24800,24800,1125,24806.55,300,375,117000
NIFTY-III.NFO,04/12/2024,11:56:50,24800,24800,1275,24810.5,225,375,117000
NIFTY-III.NFO,04/12/2024,11:56:52,24800,24802.65,150,24816.15,300,0,117000
NIFTY-III.NFO,04/12/2024,11:56:54,24800,24802.75,150,24815.55,225,0,117000
NIFTY-III.NFO,04/12/2024,11:56:55,24800,24802.7,75,24818.1,225,0,117000
NIFTY-III.NFO,04/12/2024,11:56:57,24802.3,24802.3,75,24817.9,75,600,117000
NIFTY-III.NFO,04/12/2024,11:57:00,24802.3,24803.6,225,24815.65,225,75,117000
NIFTY-III.NFO,04/12/2024,11:57:02,24802.3,24803.6,75,24815.65,225,0,117000
NIFTY-III.NFO,04/12/2024,11:57:04,24803.6,24801.15,150,24815.2,225,75,117000
NIFTY-III.NFO,04/12/2024,11:57:05,24804.8,24806.25,150,24809.55,225,225,117000
NIFTY-III.NFO,04/12/2024,11:57:07,24801.05,24801.05,300,24808.6,300,75,117000
NIFTY-III.NFO,04/12/2024,11:57:09,24811.5,24811.55,300,24819.5,75,450,117000
NIFTY-III.NFO,04/12/2024,11:57:10,24808.65,24806.35,300,24816.5,525,300,117000
NIFTY-III.NFO,04/12/2024,11:57:12,24808.65,24805.6,375,24816.45,225,0,117000
NIFTY-III.NFO,04/12/2024,11:57:14,24808.65,24802.65,375,24816.35,225,0,117000
NIFTY-III.NFO,04/12/2024,11:57:15,24807.2,24807.3,300,24819.3,450,450,117000
NIFTY-III.NFO,04/12/2024,11:57:17,24807.3,24802.9,300,24811.8,300,75,117000
NIFTY-III.NFO,04/12/2024,11:57:19,24807.3,24803.8,300,24814.65,375,0,117000
NIFTY-III.NFO,04/12/2024,11:57:20,24816.2,24803.55,300,24816.2,525,75,117000
NIFTY-III.NFO,04/12/2024,11:57:22,24816.2,24804.1,375,24813.3,375,0,117000
NIFTY-III.NFO,04/12/2024,11:57:24,24803.65,24803.55,150,24813.35,150,600,117000
NIFTY-III.NFO,04/12/2024,11:57:25,24803.65,24803.55,150,24813.35,150,0,117000
NIFTY-III.NFO,04/12/2024,11:57:27,24803.65,24802.1,150,24812.55,300,0,117000
NIFTY-III.NFO,04/12/2024,11:57:29,24801,24800,1275,24804.85,75,225,117000
NIFTY-III.NFO,04/12/2024,11:57:30,24800,24790,75,24792.4,75,1275,117000
NIFTY-III.NFO,04/12/2024,11:57:32,24790,24779.3,75,24790.05,450,75,117000
NIFTY-III.NFO,04/12/2024,11:57:32,24790,24779.3,75,24790.05,450,0,117000
NIFTY-III.NFO,04/12/2024,11:57:34,24790,24758,150,24775.55,450,0,117000
NIFTY-III.NFO,04/12/2024,11:57:35,24790,24753.25,150,24762.3,300,0,117000
NIFTY-III.NFO,04/12/2024,11:57:37,24790,24752.65,150,24767.65,300,0,117000
NIFTY-III.NFO,04/12/2024,11:57:39,24765.8,24751.05,150,24762.6,300,150,117000
NIFTY-III.NFO,04/12/2024,11:57:39,24765.8,24751.05,150,24762.6,300,0,117000
NIFTY-III.NFO,04/12/2024,11:57:40,24749.7,24741.8,225,24753.5,300,375,117000
NIFTY-III.NFO,04/12/2024,11:57:40,24749.7,24741.8,225,24753.5,300,0,117000
NIFTY-III.NFO,04/12/2024,11:57:42,24749.7,24748.65,225,24759.95,300,0,117000
NIFTY-III.NFO,04/12/2024,11:57:44,24751.95,24747.65,150,24757.95,300,600,117000
NIFTY-III.NFO,04/12/2024,11:57:44,24747.75,24747.65,150,24757.95,300,0,117000
NIFTY-III.NFO,04/12/2024,11:57:45,24754.55,24748.6,75,24754.55,300,150,117000
NIFTY-III.NFO,04/12/2024,11:57:47,24750.85,24750.3,150,24766.1,225,225,117000
NIFTY-III.NFO,04/12/2024,11:57:49,24752.4,24753.9,75,24758.9,75,150,117000
NIFTY-III.NFO,04/12/2024,11:57:50,24755.4,24753.05,150,24762.65,300,75,117000
NIFTY-III.NFO,04/12/2024,11:57:52,24757.5,24755.3,75,24764,225,75,117000
NIFTY-III.NFO,04/12/2024,11:57:54,24757.5,24756.6,150,24763.45,225,0,117000
NIFTY-III.NFO,04/12/2024,11:57:55,24754.3,24753.65,150,24764.1,300,75,117000
NIFTY-III.NFO,04/12/2024,11:57:57,24754.3,24755.65,150,24765.05,300,0,117000
NIFTY-III.NFO,04/12/2024,11:57:59,24750,24745.05,300,24753.3,525,375,117000
NIFTY-III.NFO,04/12/2024,11:58:01,24750,24745.05,300,24751.55,300,0,117000
NIFTY-III.NFO,04/12/2024,11:58:03,24753.4,24745.05,300,24756.95,300,75,117000
NIFTY-III.NFO,04/12/2024,11:58:04,24753.4,24745.05,300,24753.15,300,0,117000
NIFTY-III.NFO,04/12/2024,11:58:06,24753.4,24749.25,375,24758.9,300,0,117000
NIFTY-III.NFO,04/12/2024,11:58:08,24753.4,24753.45,300,24761.35,300,0,117000
NIFTY-III.NFO,04/12/2024,11:58:09,24753.4,24753.4,75,24760.4,300,0,117000
NIFTY-III.NFO,04/12/2024,11:58:11,24753.4,24753.45,300,24760,300,0,117000
NIFTY-III.NFO,04/12/2024,11:58:13,24753.4,24758.05,300,24767.6,75,0,117000
NIFTY-III.NFO,04/12/2024,11:58:14,24753.4,24762.5,300,24773.15,75,0,117000
NIFTY-III.NFO,04/12/2024,11:58:16,24753.4,24769,300,24781.2,150,0,117000
NIFTY-III.NFO,04/12/2024,11:58:18,24753.4,24774,300,24782.8,75,0,117000
NIFTY-III.NFO,04/12/2024,11:58:19,24753.4,24766.35,300,24775.7,225,0,117000
NIFTY-III.NFO,04/12/2024,11:58:21,24753.4,24764.2,300,24776.8,225,0,117000
NIFTY-III.NFO,04/12/2024,11:58:23,24753.4,24766.85,375,24779.85,225,0,117000
NIFTY-III.NFO,04/12/2024,11:58:24,24784.05,24781.8,75,24789.8,300,75,120000
NIFTY-III.NFO,04/12/2024,11:58:26,24784.05,24775,300,24783.25,300,0,120000
NIFTY-III.NFO,04/12/2024,11:58:28,24783.3,24772.75,300,24782.4,150,75,120000
NIFTY-III.NFO,04/12/2024,11:58:29,24783.3,24766.65,300,24779,150,0,120000
NIFTY-III.NFO,04/12/2024,11:58:31,24774.9,24768.85,300,24775.35,225,75,120000
NIFTY-III.NFO,04/12/2024,11:58:33,24774.9,24765.05,300,24774.8,300,0,120000
NIFTY-III.NFO,04/12/2024,11:58:34,24771.25,24765.05,300,24774.55,225,75,120000
NIFTY-III.NFO,04/12/2024,11:58:36,24771.25,24765,75,24772.75,375,0,120000
NIFTY-III.NFO,04/12/2024,11:58:38,24771.25,24765.05,300,24774.6,75,0,120000
NIFTY-III.NFO,04/12/2024,11:58:39,24771.25,24768.55,75,24777.95,225,0,120000
NIFTY-III.NFO,04/12/2024,11:58:41,24771.25,24765.05,525,24776.95,225,0,120000
NIFTY-III.NFO,04/12/2024,11:58:43,24771.25,24777.1,300,24786.05,75,0,120000
NIFTY-III.NFO,04/12/2024,11:58:44,24787.55,24779.85,300,24788.6,150,75,120000
NIFTY-III.NFO,04/12/2024,11:58:46,24787.55,24778.25,300,24787.15,75,0,120000
NIFTY-III.NFO,04/12/2024,11:58:48,24787.55,24777.95,300,24786.7,150,0,120000
NIFTY-III.NFO,04/12/2024,11:58:49,24787.55,24783.65,375,24792.7,150,0,120000
NIFTY-III.NFO,04/12/2024,11:58:51,24787.55,24786.75,300,24795.3,75,0,120000
NIFTY-III.NFO,04/12/2024,11:58:53,24787.55,24787.55,300,24794.6,75,0,120000
NIFTY-III.NFO,04/12/2024,11:58:54,24787.55,24788.7,300,24798.5,150,0,120000
NIFTY-III.NFO,04/12/2024,11:58:56,24787.55,24788.6,75,24796,150,0,120000
NIFTY-III.NFO,04/12/2024,11:58:58,24787.55,24787.55,300,24795.4,150,0,120000
NIFTY-III.NFO,04/12/2024,11:59:00,24787.55,24792,300,24801.35,150,0,120000
NIFTY-III.NFO,04/12/2024,11:59:02,24787.55,24791.9,300,24803,75,0,120000
NIFTY-III.NFO,04/12/2024,11:59:03,24787.55,24796.9,300,24805.8,75,0,120000
NIFTY-III.NFO,04/12/2024,11:59:05,24787.55,24798.9,375,24806.8,225,0,120000
NIFTY-III.NFO,04/12/2024,11:59:07,24787.55,24794.9,300,24805.85,225,0,120000
NIFTY-III.NFO,04/12/2024,11:59:08,24787.55,24805.85,300,24815.35,150,0,120000
NIFTY-III.NFO,04/12/2024,11:59:10,24787.55,24804.15,300,24815.65,150,0,120000
NIFTY-III.NFO,04/12/2024,11:59:12,24787.55,24805.05,300,24811.7,225,0,120000
NIFTY-III.NFO,04/12/2024,11:59:13,24787.55,24805.05,300,24811.8,75,0,120000
NIFTY-III.NFO,04/12/2024,11:59:15,24805,24793.3,300,24805.2,225,75,120000
NIFTY-III.NFO,04/12/2024,11:59:17,24805,24799.2,300,24806.8,150,0,120000
NIFTY-III.NFO,04/12/2024,11:59:19,24805,24799.2,300,24806.25,225,0,120000
NIFTY-III.NFO,04/12/2024,11:59:20,24805,24801.35,300,24812.5,150,0,120000
NIFTY-III.NFO,04/12/2024,11:59:22,24805,24807.1,300,24818.45,150,0,120000
NIFTY-III.NFO,04/12/2024,11:59:24,24805,24807.8,75,24816.4,150,0,120000
NIFTY-III.NFO,04/12/2024,11:59:25,24805,24804.7,300,24815,150,0,120000
NIFTY-III.NFO,04/12/2024,11:59:27,24805,24799.05,300,24809.45,150,0,120000
NIFTY-III.NFO,04/12/2024,11:59:29,24805,24800.65,300,24810.3,150,0,120000
NIFTY-III.NFO,04/12/2024,11:59:30,24805,24800.65,300,24812.8,225,0,120000
NIFTY-III.NFO,04/12/2024,11:59:32,24805,24805.2,375,24813.65,75,0,120000
NIFTY-III.NFO,04/12/2024,11:59:34,24805,24808.85,375,24812.95,150,0,120000
NIFTY-III.NFO,04/12/2024,11:59:35,24805,24802,300,24812.75,225,0,120000
NIFTY-III.NFO,04/12/2024,11:59:37,24805,24801,300,24805,75,0,120000
NIFTY-III.NFO,04/12/2024,11:59:39,24805,24798.65,300,24805,75,0,120000
NIFTY-III.NFO,04/12/2024,11:59:40,24805,24799.2,300,24805,75,0,120000
NIFTY-III.NFO,04/12/2024,11:59:42,24805,24800.05,300,24805,75,0,120000
NIFTY-III.NFO,04/12/2024,11:59:44,24805,24800.05,375,24805,75,0,120000
NIFTY-III.NFO,04/12/2024,11:59:45,24805,24800.1,300,24805,75,0,120000
NIFTY-III.NFO,04/12/2024,11:59:49,24800.1,24801.25,375,24805,75,75,120000
NIFTY-III.NFO,04/12/2024,11:59:50,24805,24805.5,150,24813.85,225,75,120000
NIFTY-III.NFO,04/12/2024,11:59:52,24805,24800.05,375,24809.1,75,0,120000
NIFTY-III.NFO,04/12/2024,11:59:54,24800.05,24800.05,300,24808.6,225,75,120000
NIFTY-III.NFO,04/12/2024,11:59:55,24800,24795.15,225,24803.7,300,75,120000
NIFTY-III.NFO,04/12/2024,11:59:57,24800,24792.85,225,24799.75,150,0,120000
NIFTY-III.NFO,04/12/2024,11:59:59,24800,24783.95,225,24796.4,225,0,120000
NIFTY-III.NFO,04/12/2024,12:00:00,24800,24781.2,225,24791.1,225,0,120000
NIFTY-III.NFO,04/12/2024,12:00:02,24800,24790,75,24791.9,225,0,120000
NIFTY-III.NFO,04/12/2024,12:00:04,24790,24781.55,75,24788.35,225,75,120000
NIFTY-III.NFO,04/12/2024,12:00:05,24780,24780,225,24784.4,375,375,120000
NIFTY-III.NFO,04/12/2024,12:00:07,24780,24780,225,24780.65,225,0,120000
NIFTY-III.NFO,04/12/2024,12:00:09,24780,24775,75,24777.7,225,225,120000
NIFTY-III.NFO,04/12/2024,12:00:10,24780,24775,75,24781,300,0,120000
NIFTY-III.NFO,04/12/2024,12:00:12,24775,24771.25,75,24775.85,375,75,120000
NIFTY-III.NFO,04/12/2024,12:00:14,24771.25,24757.3,225,24766.45,375,75,120000
NIFTY-III.NFO,04/12/2024,12:00:15,24771.25,24761.65,225,24767.6,150,0,120000
NIFTY-III.NFO,04/12/2024,12:00:17,24771.25,24761.2,225,24769.95,225,0,120000
NIFTY-III.NFO,04/12/2024,12:00:19,24771.25,24764,75,24772.95,300,0,120000
NIFTY-III.NFO,04/12/2024,12:00:20,24771.25,24762.35,300,24771.55,300,0,120000
NIFTY-III.NFO,04/12/2024,12:00:22,24771.25,24762.35,225,24771.75,300,0,120000
NIFTY-III.NFO,04/12/2024,12:00:24,24771.25,24766.2,375,24776.1,300,0,120000
NIFTY-III.NFO,04/12/2024,12:00:25,24771.25,24767.15,75,24774.2,225,0,120000
NIFTY-III.NFO,04/12/2024,12:00:27,24771.75,24762.35,225,24770.05,225,75,120000
NIFTY-III.NFO,04/12/2024,12:00:29,24771.75,24762.35,225,24770,225,0,120000
NIFTY-III.NFO,04/12/2024,12:00:30,24771.75,24762.35,300,24770.85,300,0,120000
NIFTY-III.NFO,04/12/2024,12:00:32,24771.75,24762.3,75,24767.85,225,0,120000
NIFTY-III.NFO,04/12/2024,12:00:34,24771.75,24762.3,75,24768.9,300,0,120000
NIFTY-III.NFO,04/12/2024,12:00:35,24762.3,24756.3,75,24760.6,300,75,120000
NIFTY-III.NFO,04/12/2024,12:00:37,24762.3,24758.7,75,24766.15,225,0,120000
NIFTY-III.NFO,04/12/2024,12:00:39,24762.3,24754.7,75,24760.1,225,0,120000
NIFTY-III.NFO,04/12/2024,12:00:40,24762.3,24755.9,75,24762.2,225,0,120000
NIFTY-III.NFO,04/12/2024,12:00:42,24762.3,24756.65,225,24762.3,75,0,120000
NIFTY-III.NFO,04/12/2024,12:00:44,24762.3,24762.3,75,24765.35,225,75,120000
NIFTY-III.NFO,04/12/2024,12:00:45,24762.3,24762.3,75,24763.6,225,0,120000
NIFTY-III.NFO,04/12/2024,12:00:47,24762.3,24762.3,75,24764.85,150,0,120000
NIFTY-III.NFO,04/12/2024,12:00:49,24762.3,24755.6,225,24764.35,225,75,120000
NIFTY-III.NFO,04/12/2024,12:00:50,24762.3,24758.8,300,24766.9,150,0,120000
NIFTY-III.NFO,04/12/2024,12:00:52,24762.3,24766.35,225,24773.9,225,0,120000
NIFTY-III.NFO,04/12/2024,12:00:54,24766.35,24771.8,225,24778.25,75,75,120000
NIFTY-III.NFO,04/12/2024,12:00:55,24766.35,24768.1,150,24776.2,225,0,120000
NIFTY-III.NFO,04/12/2024,12:00:57,24766.35,24765.55,150,24773.25,225,0,120000
NIFTY-III.NFO,04/12/2024,12:00:59,24766.35,24763,150,24768.05,225,0,120000
NIFTY-III.NFO,04/12/2024,12:01:01,24763.05,24763.05,75,24771.2,150,75,120000
NIFTY-III.NFO,04/12/2024,12:01:02,24763.05,24763.05,75,24772.3,150,0,120000
NIFTY-III.NFO,04/12/2024,12:01:04,24763.05,24767.15,75,24776.4,150,0,120000
NIFTY-III.NFO,04/12/2024,12:01:06,24763.05,24769.9,75,24777.55,75,0,120000
NIFTY-III.NFO,04/12/2024,12:01:07,24763.05,24771.5,75,24778.75,75,0,120000
NIFTY-III.NFO,04/12/2024,12:01:09,24763.05,24770.9,75,24778.9,150,0,120000
NIFTY-III.NFO,04/12/2024,12:01:11,24763.05,24773.35,150,24780.95,75,0,120000
NIFTY-III.NFO,04/12/2024,12:01:12,24763.05,24780,150,24786.8,75,0,120000
NIFTY-III.NFO,04/12/2024,12:01:14,24763.05,24770.3,75,24780.5,150,0,120000
NIFTY-III.NFO,04/12/2024,12:01:16,24763.05,24774.55,75,24782.9,225,0,120000
NIFTY-III.NFO,04/12/2024,12:01:17,24763.05,24774.55,75,24782.95,150,0,120000
NIFTY-III.NFO,04/12/2024,12:01:19,24763.05,24779.2,300,24788.1,225,0,120000
NIFTY-III.NFO,04/12/2024,12:01:21,24763.05,24783.4,75,24790,75,0,120000
NIFTY-III.NFO,04/12/2024,12:01:22,24791.2,24782.95,75,24790.1,150,75,120225
NIFTY-III.NFO,04/12/2024,12:01:24,24791.2,24777.95,75,24786.95,150,0,120225
NIFTY-III.NFO,04/12/2024,12:01:26,24791.2,24783.5,150,24791.15,150,0,120225
NIFTY-III.NFO,04/12/2024,12:01:27,24791.2,24781.35,150,24788.7,225,0,120225
NIFTY-III.NFO,04/12/2024,12:01:29,24791.2,24778.25,75,24786.95,150,0,120225
NIFTY-III.NFO,04/12/2024,12:01:31,24791.2,24776.35,75,24784.75,225,0,120225
NIFTY-III.NFO,04/12/2024,12:01:32,24791.2,24780.25,75,24788.6,150,0,120225
NIFTY-III.NFO,04/12/2024,12:01:34,24791.2,24785.45,150,24793.55,75,75,120225
NIFTY-III.NFO,04/12/2024,12:01:36,24791.2,24783.6,150,24790.15,150,0,120225
NIFTY-III.NFO,04/12/2024,12:01:37,24791.2,24777.6,75,24787.9,225,0,120225
NIFTY-III.NFO,04/12/2024,12:01:39,24791.2,24780.15,150,24788.7,150,0,120225
NIFTY-III.NFO,04/12/2024,12:01:41,24791.2,24774.6,75,24784.4,150,0,120225
NIFTY-III.NFO,04/12/2024,12:01:42,24791.2,24776.6,75,24784.75,150,0,120225
NIFTY-III.NFO,04/12/2024,12:01:44,24791.2,24780.05,75,24788.45,150,0,120225
NIFTY-III.NFO,04/12/2024,12:01:46,24791.2,24780,75,24787.05,150,0,120225
NIFTY-III.NFO,04/12/2024,12:01:47,24791.2,24780,75,24784,225,0,120225
NIFTY-III.NFO,04/12/2024,12:01:49,24782.6,24780,75,24782.6,150,75,120225
NIFTY-III.NFO,04/12/2024,12:01:51,24782.6,24780,75,24784.4,300,0,120225
NIFTY-III.NFO,04/12/2024,12:01:52,24783.3,24780,75,24783.3,75,225,120225
NIFTY-III.NFO,04/12/2024,12:01:54,24783.3,24775,75,24783,150,0,120225
NIFTY-III.NFO,04/12/2024,12:01:56,24783.3,24775,75,24782.5,225,0,120225
NIFTY-III.NFO,04/12/2024,12:01:57,24783.3,24775,75,24778.4,225,0,120225
NIFTY-III.NFO,04/12/2024,12:01:59,24783.3,24775.05,225,24783.1,75,0,120225
NIFTY-III.NFO,04/12/2024,12:02:01,24783.3,24781.15,150,24789.45,75,0,120225
NIFTY-III.NFO,04/12/2024,12:02:03,24790,24782.05,150,24802.4,150,300,120225
NIFTY-III.NFO,04/12/2024,12:02:04,24790,24782.05,225,24802.4,225,0,120225
NIFTY-III.NFO,04/12/2024,12:02:06,24790,24782.05,75,24792.35,150,0,120225
NIFTY-III.NFO,04/12/2024,12:02:08,24790,24782.05,75,24791.9,150,0,120225
NIFTY-III.NFO,04/12/2024,12:02:09,24790,24782.05,75,24791.9,225,0,120225
NIFTY-III.NFO,04/12/2024,12:02:11,24790,24782.05,75,24791.7,225,0,120225
NIFTY-III.NFO,04/12/2024,12:02:13,24790,24782,150,24790.5,225,0,120225
NIFTY-III.NFO,04/12/2024,12:02:14,24790,24782,150,24790.3,150,0,120225
NIFTY-III.NFO,04/12/2024,12:02:16,24790,24782,150,24789.7,150,0,120225
NIFTY-III.NFO,04/12/2024,12:02:18,24790,24782,150,24791.75,225,0,120225
NIFTY-III.NFO,04/12/2024,12:02:19,24790,24782,150,24789.75,300,0,120225
NIFTY-III.NFO,04/12/2024,12:02:21,24790,24782,75,24788,150,0,120225
NIFTY-III.NFO,04/12/2024,12:02:23,24790,24782,75,24783.6,150,0,120225
NIFTY-III.NFO,04/12/2024,12:02:24,24782,24775,75,24781.2,300,75,120225
NIFTY-III.NFO,04/12/2024,12:02:26,24781.2,24775,75,24782.1,225,75,120225
NIFTY-III.NFO,04/12/2024,12:02:28,24781.2,24775,75,24778.1,150,0,120225
NIFTY-III.NFO,04/12/2024,12:02:29,24775,24770,75,24776.4,225,75,120225
NIFTY-III.NFO,04/12/2024,12:02:31,24775,24770.05,225,24778.8,225,0,120225
NIFTY-III.NFO,04/12/2024,12:02:33,24775,24770,75,24776.5,225,0,120225
NIFTY-III.NFO,04/12/2024,12:02:34,24775,24770,75,24775.05,75,0,120225
NIFTY-III.NFO,04/12/2024,12:02:38,24775,24770,75,24776.7,75,0,120225
NIFTY-III.NFO,04/12/2024,12:02:39,24775,24770.05,150,24776.7,75,0,120225
NIFTY-III.NFO,04/12/2024,12:02:41,24775,24772.15,75,24782.3,150,0,120225
NIFTY-III.NFO,04/12/2024,12:02:43,24775,24774.1,225,24783.6,150,0,120225
NIFTY-III.NFO,04/12/2024,12:02:44,24775,24771.45,150,24782.3,225,0,120225
NIFTY-III.NFO,04/12/2024,12:02:46,24775,24771.75,150,24781.5,150,0,120225
NIFTY-III.NFO,04/12/2024,12:02:48,24775,24775,75,24782.45,75,0,120225
NIFTY-III.NFO,04/12/2024,12:02:49,24775,24775,75,24780.3,75,0,120225
NIFTY-III.NFO,04/12/2024,12:02:51,24775,24770,75,24776.9,300,75,120225
NIFTY-III.NFO,04/12/2024,12:02:53,24775,24770,75,24773.25,150,0,120225
NIFTY-III.NFO,04/12/2024,12:02:54,24775,24770,75,24774.95,75,0,120225
NIFTY-III.NFO,04/12/2024,12:02:56,24775,24770,150,24775,75,0,120225
NIFTY-III.NFO,04/12/2024,12:02:58,24770,24770,75,24775,150,75,120225
NIFTY-III.NFO,04/12/2024,12:02:59,24770,24770,150,24775,75,0,120225
NIFTY-III.NFO,04/12/2024,12:03:00,24775,24770,300,24777.65,75,75,120225
NIFTY-III.NFO,04/12/2024,12:03:02,24770,24770,150,24774.25,75,75,120225
NIFTY-III.NFO,04/12/2024,12:03:04,24770,24770,150,24776.3,75,0,120225
NIFTY-III.NFO,04/12/2024,12:03:05,24770.05,24770.05,150,24777.6,150,150,120225
NIFTY-III.NFO,04/12/2024,12:03:07,24770.05,24775.2,150,24785,150,0,120225
NIFTY-III.NFO,04/12/2024,12:03:09,24770.05,24775.25,150,24783.5,150,0,120225
NIFTY-III.NFO,04/12/2024,12:03:10,24770.05,24773.35,150,24781.9,225,0,120225
NIFTY-III.NFO,04/12/2024,12:03:12,24770.05,24770,150,24777.1,300,0,120225
NIFTY-III.NFO,04/12/2024,12:03:14,24770.05,24770,150,24776.6,375,0,120225
NIFTY-III.NFO,04/12/2024,12:03:15,24770.05,24770.05,225,24778.8,375,0,120225
NIFTY-III.NFO,04/12/2024,12:03:17,24770.05,24770.05,75,24778.2,375,0,120225
NIFTY-III.NFO,04/12/2024,12:03:19,24770.05,24770.05,150,24777.7,150,0,120225
NIFTY-III.NFO,04/12/2024,12:03:20,24772.25,24771.5,150,24781.5,150,375,120225
NIFTY-III.NFO,04/12/2024,12:03:22,24772.25,24771.45,75,24780.05,225,0,120225
NIFTY-III.NFO,04/12/2024,12:03:24,24772.25,24771.45,75,24780.45,225,0,120225
NIFTY-III.NFO,04/12/2024,12:03:25,24772.25,24774.4,150,24785.55,75,0,120225
NIFTY-III.NFO,04/12/2024,12:03:27,24772.25,24775.85,225,24785.75,150,0,120225
NIFTY-III.NFO,04/12/2024,12:03:29,24772.25,24776,225,24785.8,150,0,120225
NIFTY-III.NFO,04/12/2024,12:03:30,24772.25,24776,225,24786.25,225,0,120225
NIFTY-III.NFO,04/12/2024,12:03:32,24772.25,24776.55,150,24786.75,75,0,120225
NIFTY-III.NFO,04/12/2024,12:03:34,24772.25,24780.2,225,24788.7,225,0,120225
NIFTY-III.NFO,04/12/2024,12:03:35,24772.25,24780.2,225,24788.7,300,0,120225
NIFTY-III.NFO,04/12/2024,12:03:37,24772.25,24780,150,24788.15,225,0,120225
NIFTY-III.NFO,04/12/2024,12:03:39,24780,24780.95,300,24788.6,75,150,120225
NIFTY-III.NFO,04/12/2024,12:03:41,24780,24782,75,24788.45,300,0,120225
NIFTY-III.NFO,04/12/2024,12:03:42,24780,24782,75,24783.85,150,0,120225
NIFTY-III.NFO,04/12/2024,12:03:44,24780,24782,75,24787.75,150,0,120225
NIFTY-III.NFO,04/12/2024,12:03:46,24780,24782,75,24787.65,225,0,120225
NIFTY-III.NFO,04/12/2024,12:03:47,24780,24782,75,24786.4,225,0,120225
NIFTY-III.NFO,04/12/2024,12:03:49,24780,24782,75,24787.7,150,0,120225
NIFTY-III.NFO,04/12/2024,12:03:51,24780,24782,75,24788.75,150,0,120225
NIFTY-III.NFO,04/12/2024,12:03:52,24782,24780.25,75,24786.8,150,75,120225
NIFTY-III.NFO,04/12/2024,12:03:54,24782,24780.25,75,24787.65,150,0,120225
NIFTY-III.NFO,04/12/2024,12:03:56,24782,24780.25,75,24786.05,75,0,120225
NIFTY-III.NFO,04/12/2024,12:03:57,24782,24780.25,75,24786.85,75,0,120225
NIFTY-III.NFO,04/12/2024,12:03:59,24782,24780.25,75,24786.8,525,0,120225
NIFTY-III.NFO,04/12/2024,12:04:01,24782,24781.1,225,24790.35,225,0,120225
NIFTY-III.NFO,04/12/2024,12:04:02,24782,24781.1,150,24789.7,150,0,120225
NIFTY-III.NFO,04/12/2024,12:04:04,24782,24781.05,150,24791.3,150,0,120225
NIFTY-III.NFO,04/12/2024,12:04:06,24782,24790.65,225,24797.9,75,0,120225
NIFTY-III.NFO,04/12/2024,12:04:07,24782,24787.25,150,24795.95,225,0,120225
NIFTY-III.NFO,04/12/2024,12:04:09,24782,24786.85,225,24797.45,225,0,120225
NIFTY-III.NFO,04/12/2024,12:04:11,24788.45,24788.55,300,24798,75,75,120225
NIFTY-III.NFO,04/12/2024,12:04:12,24788.45,24787.65,225,24797.95,150,0,120225
NIFTY-III.NFO,04/12/2024,12:04:14,24788.45,24787.6,75,24796.85,375,0,120225
NIFTY-III.NFO,04/12/2024,12:04:16,24788.45,24788.45,150,24795.85,225,0,120225
NIFTY-III.NFO,04/12/2024,12:04:17,24788.45,24788.45,150,24797.95,150,0,120225
NIFTY-III.NFO,04/12/2024,12:04:19,24788.45,24788.5,75,24796.4,75,0,120225
NIFTY-III.NFO,04/12/2024,12:04:21,24788.45,24788.5,225,24798,75,0,120225
NIFTY-III.NFO,04/12/2024,12:04:27,24788.45,24788.45,150,24795.9,75,0,120225
NIFTY-III.NFO,04/12/2024,12:04:29,24788.45,24788.45,300,24798,75,0,120225
NIFTY-III.NFO,04/12/2024,12:04:31,24788.45,24790.1,225,24798,75,0,120225
NIFTY-III.NFO,04/12/2024,12:04:32,24788.45,24790.2,300,24798,75,0,120225
NIFTY-III.NFO,04/12/2024,12:04:34,24798,24790.2,300,24805.85,150,75,120300
NIFTY-III.NFO,04/12/2024,12:04:36,24798,24790.2,300,24802.75,225,0,120300
NIFTY-III.NFO,04/12/2024,12:04:37,24798,24790.2,300,24802,75,0,120300
NIFTY-III.NFO,04/12/2024,12:04:39,24798,24790.2,225,24800.75,150,0,120300
NIFTY-III.NFO,04/12/2024,12:04:41,24798,24790.6,300,24803.8,225,0,120300
NIFTY-III.NFO,04/12/2024,12:04:42,24798,24790,450,24800.4,150,0,120300
NIFTY-III.NFO,04/12/2024,12:04:44,24800,24790.4,75,24798.15,150,75,120300
NIFTY-III.NFO,04/12/2024,12:04:46,24800,24793.05,75,24802.1,225,0,120300
NIFTY-III.NFO,04/12/2024,12:04:47,24800,24791.3,75,24801,225,0,120300
NIFTY-III.NFO,04/12/2024,12:04:49,24800,24791.3,225,24802.2,150,0,120300
NIFTY-III.NFO,04/12/2024,12:04:51,24800,24791.3,225,24801.6,225,0,120300
NIFTY-III.NFO,04/12/2024,12:04:52,24800,24791.3,225,24802,300,0,120300
NIFTY-III.NFO,04/12/2024,12:04:54,24801.3,24791.3,150,24800.4,150,225,120300
NIFTY-III.NFO,04/12/2024,12:04:55,24791.3,24800,75,24806.15,150,75,120300
NIFTY-III.NFO,04/12/2024,12:04:57,24800,24791.25,150,24800.1,225,75,120300
NIFTY-III.NFO,04/12/2024,12:04:59,24800,24791.25,75,24797.8,150,0,120300
NIFTY-III.NFO,04/12/2024,12:05:02,24797.85,24791.25,75,24798,75,225,120300
NIFTY-III.NFO,04/12/2024,12:05:04,24797.85,24791.25,75,24798,75,0,120300
NIFTY-III.NFO,04/12/2024,12:05:07,24797.85,24791.25,150,24800.85,150,0,120300
NIFTY-III.NFO,04/12/2024,12:05:10,24797.85,24800,225,24801.55,75,0,120300
NIFTY-III.NFO,04/12/2024,12:05:12,24800,24791.45,75,24800.3,150,225,120300
NIFTY-III.NFO,04/12/2024,12:05:14,24800,24791.25,75,24794.05,225,0,120300
NIFTY-III.NFO,04/12/2024,12:05:15,24800,24791.25,75,24795.95,75,0,120300
NIFTY-III.NFO,04/12/2024,12:05:17,24798.3,24791.25,75,24798.3,75,75,120300
NIFTY-III.NFO,04/12/2024,12:05:19,24798.25,24791.25,75,24798.25,75,75,120300
NIFTY-III.NFO,04/12/2024,12:05:20,24798.25,24792.8,150,24802.7,75,0,120300
NIFTY-III.NFO,04/12/2024,12:05:22,24798.25,24799.15,75,24804.7,75,0,120300
NIFTY-III.NFO,04/12/2024,12:05:24,24798.25,24798.65,75,24807.55,150,0,120300
NIFTY-III.NFO,04/12/2024,12:05:25,24798.25,24799.15,75,24807.4,150,0,120300
NIFTY-III.NFO,04/12/2024,12:05:27,24798.25,24800.05,75,24809.6,150,0,120300
NIFTY-III.NFO,04/12/2024,12:05:29,24798.25,24798.25,150,24806.3,225,0,120300
NIFTY-III.NFO,04/12/2024,12:05:30,24806.9,24798.45,150,24808.8,300,75,120300
NIFTY-III.NFO,04/12/2024,12:05:32,24806.9,24798.55,225,24809.65,225,0,120300
NIFTY-III.NFO,04/12/2024,12:05:34,24806.9,24799.35,150,24809.45,300,0,120300
NIFTY-III.NFO,04/12/2024,12:05:35,24806.9,24800.25,150,24809.45,75,0,120300
NIFTY-III.NFO,04/12/2024,12:05:37,24806.9,24800.25,150,24811.1,75,0,120300
NIFTY-III.NFO,04/12/2024,12:05:39,24806.9,24800.2,75,24809.1,225,0,120300
NIFTY-III.NFO,04/12/2024,12:05:40,24806.9,24800.25,150,24809.25,150,0,120300
NIFTY-III.NFO,04/12/2024,12:05:42,24806.9,24800.25,75,24806.75,300,0,120300
NIFTY-III.NFO,04/12/2024,12:05:44,24806.9,24800.25,75,24805.25,75,0,120300
NIFTY-III.NFO,04/12/2024,12:05:47,24805.25,24800.25,75,24805.4,75,75,120300
NIFTY-III.NFO,04/12/2024,12:05:49,24805.25,24800.25,75,24805.4,75,0,120300
NIFTY-III.NFO,04/12/2024,12:05:50,24805.7,24800.25,75,24805.85,75,225,120300
NIFTY-III.NFO,04/12/2024,12:05:52,24805.7,24801.9,75,24808.6,75,0,120300
NIFTY-III.NFO,04/12/2024,12:05:54,24805.7,24801.85,150,24809,75,0,120300
NIFTY-III.NFO,04/12/2024,12:05:55,24805.7,24801.85,75,24809,300,0,120300
NIFTY-III.NFO,04/12/2024,12:05:57,24805.7,24803.1,150,24811.25,75,0,120300
NIFTY-III.NFO,04/12/2024,12:05:59,24805.7,24803.05,75,24811,75,0,120300
NIFTY-III.NFO,04/12/2024,12:06:01,24811.4,24803.05,75,24811.8,75,300,120300
NIFTY-III.NFO,04/12/2024,12:06:02,24811.4,24803.1,150,24811.8,75,0,120300
NIFTY-III.NFO,04/12/2024,12:06:06,24811.4,24803.1,150,24811.85,150,0,120300
NIFTY-III.NFO,04/12/2024,12:06:07,24811.4,24806.5,225,24816.8,75,0,120300
NIFTY-III.NFO,04/12/2024,12:06:09,24811.4,24805.65,150,24813.85,150,0,120300
NIFTY-III.NFO,04/12/2024,12:06:11,24811.4,24804.45,150,24813.1,150,0,120300
NIFTY-III.NFO,04/12/2024,12:06:12,24811.4,24801.05,150,24812,75,0,120300
NIFTY-III.NFO,04/12/2024,12:06:16,24811.4,24803.75,150,24813.05,75,0,120300
NIFTY-III.NFO,04/12/2024,12:06:17,24811.4,24802.9,150,24812.9,75,0,120300
NIFTY-III.NFO,04/12/2024,12:06:19,24812,24804.9,225,24815.45,75,75,120300
NIFTY-III.NFO,04/12/2024,12:06:21,24812,24801.75,75,24812.2,75,0,120300
NIFTY-III.NFO,04/12/2024,12:06:22,24812,24800.3,225,24809.2,75,0,120300
NIFTY-III.NFO,04/12/2024,12:06:24,24812,24800.3,225,24809.1,75,0,120300
NIFTY-III.NFO,04/12/2024,12:06:26,24812,24800.25,150,24809.1,75,0,120300
NIFTY-III.NFO,04/12/2024,12:06:27,24812,24800.25,75,24804.3,75,0,120300
NIFTY-III.NFO,04/12/2024,12:06:29,24812,24800.25,75,24804.45,75,0,120300
NIFTY-III.NFO,04/12/2024,12:06:31,24812,24800.25,75,24807.4,75,0,120300
NIFTY-III.NFO,04/12/2024,12:06:32,24812,24800.25,75,24805.55,75,0,120300
NIFTY-III.NFO,04/12/2024,12:06:34,24812,24800.25,75,24807.65,75,0,120300
NIFTY-III.NFO,04/12/2024,12:06:36,24812,24800.35,150,24811.5,75,0,120300
NIFTY-III.NFO,04/12/2024,12:06:37,24812,24800.5,150,24810.1,75,0,120300
NIFTY-III.NFO,04/12/2024,12:06:39,24812,24800.5,150,24811.5,75,0,120300
NIFTY-III.NFO,04/12/2024,12:06:44,24812,24801.2,375,24813.2,75,0,120300
NIFTY-III.NFO,04/12/2024,12:06:46,24812,24802.9,150,24812.1,150,0,120300
NIFTY-III.NFO,04/12/2024,12:06:47,24812,24801.85,150,24811.9,75,0,120300
NIFTY-III.NFO,04/12/2024,12:06:49,24812,24800.8,150,24811.9,75,0,120300
NIFTY-III.NFO,04/12/2024,12:06:51,24812,24800.3,225,24811.9,75,0,120300
NIFTY-III.NFO,04/12/2024,12:06:52,24812,24800.3,225,24807.95,75,0,120300
NIFTY-III.NFO,04/12/2024,12:06:54,24812,24800.05,225,24807.95,75,0,120300
NIFTY-III.NFO,04/12/2024,12:06:56,24812,24802.8,150,24812.6,75,0,120300
NIFTY-III.NFO,04/12/2024,12:06:57,24812,24801.75,150,24811.75,75,0,120300
NIFTY-III.NFO,04/12/2024,12:06:59,24812,24800.05,225,24808.85,150,0,120300
NIFTY-III.NFO,04/12/2024,12:07:57,24794,24791.6,150,24799.4,75,750,121275
NIFTY-III.NFO,04/12/2024,12:08:59,24849.6,24849.6,75,24853.7,150,2325,121275
NIFTY-III.NFO,04/12/2024,12:09:01,24849.6,24839.25,75,24849.6,150,75,121275
NIFTY-III.NFO,04/12/2024,12:09:03,24852.45,24843.75,150,24853.45,150,750,121275
NIFTY-III.NFO,04/12/2024,12:09:04,24852.45,24839,150,24849.35,150,0,121275
NIFTY-III.NFO,04/12/2024,12:09:06,24841.55,24843.65,150,24851,150,450,121275
NIFTY-III.NFO,04/12/2024,12:09:08,24841.55,24839.05,150,24847.65,75,0,121275
NIFTY-III.NFO,04/12/2024,12:09:09,24841.55,24839.05,150,24846.65,75,0,121275
NIFTY-III.NFO,04/12/2024,12:09:11,24841.55,24836.1,150,24846,150,0,121275
NIFTY-III.NFO,04/12/2024,12:09:13,24841.55,24833.15,150,24841.5,75,0,121275
NIFTY-III.NFO,04/12/2024,12:09:14,24831.7,24834.7,150,24843.05,225,75,121275
NIFTY-III.NFO,04/12/2024,12:09:16,24831.7,24835,300,24843.3,150,0,121275
NIFTY-III.NFO,04/12/2024,12:09:18,24831.7,24834.95,150,24842.85,225,0,121275
NIFTY-III.NFO,04/12/2024,12:09:19,24831.7,24836.1,225,24844.8,75,0,121275
NIFTY-III.NFO,04/12/2024,12:09:21,24831.7,24845.3,150,24852.5,225,0,121275
NIFTY-III.NFO,04/12/2024,12:09:23,24831.7,24848.5,225,24857.8,225,0,121275
NIFTY-III.NFO,04/12/2024,12:09:24,24849.8,24848.7,225,24858.15,225,75,121275
NIFTY-III.NFO,04/12/2024,12:09:26,24854.15,24839.85,150,24848.95,150,75,121275
NIFTY-III.NFO,04/12/2024,12:09:28,24854.15,24840.95,225,24848.85,75,0,121275
NIFTY-III.NFO,04/12/2024,12:09:29,24854.15,24838.5,225,24848.4,150,0,121275
NIFTY-III.NFO,04/12/2024,12:09:31,24854.15,24838.2,150,24845.75,150,0,121275
NIFTY-III.NFO,04/12/2024,12:09:33,24854.15,24838.2,300,24846.3,225,0,121275
NIFTY-III.NFO,04/12/2024,12:09:34,24854.15,24838.95,375,24848.75,225,0,121275
NIFTY-III.NFO,04/12/2024,12:09:36,24854.15,24840.6,150,24846.95,150,0,121275
NIFTY-III.NFO,04/12/2024,12:09:38,24854.15,24838.8,225,24847.2,300,0,121275
NIFTY-III.NFO,04/12/2024,12:09:39,24838.9,24834.2,75,24843.35,150,75,121275
NIFTY-III.NFO,04/12/2024,12:09:41,24838.9,24831.75,150,24841.75,150,0,121275
NIFTY-III.NFO,04/12/2024,12:09:43,24838.9,24833.45,75,24841.75,150,0,121275
NIFTY-III.NFO,04/12/2024,12:09:44,24838.9,24832.55,75,24840.05,225,0,121275
NIFTY-III.NFO,04/12/2024,12:09:46,24838.9,24831.7,75,24840.7,150,0,121275
NIFTY-III.NFO,04/12/2024,12:09:48,24838.9,24831.7,75,24838.2,150,0,121275
NIFTY-III.NFO,04/12/2024,12:09:49,24838.9,24831.75,75,24838.3,75,0,121275
NIFTY-III.NFO,04/12/2024,12:09:51,24838.9,24831.7,75,24838.2,150,0,121275
NIFTY-III.NFO,04/12/2024,12:09:53,24838.9,24831.7,75,24838.6,225,0,121275
NIFTY-III.NFO,04/12/2024,12:09:54,24839,24831.8,75,24839.65,150,75,121275
NIFTY-III.NFO,04/12/2024,12:09:56,24839,24833.5,150,24838.65,75,0,121275
NIFTY-III.NFO,04/12/2024,12:09:58,24839,24829.9,75,24837.65,225,0,121275
NIFTY-III.NFO,04/12/2024,12:09:59,24839,24830.6,75,24839,150,0,121275
NIFTY-III.NFO,04/12/2024,12:10:00,24839,24828.1,225,24837.3,150,0,121275
NIFTY-III.NFO,04/12/2024,12:10:02,24839,24824,75,24832.8,150,0,121275
NIFTY-III.NFO,04/12/2024,12:10:04,24839,24824.7,75,24836.35,225,0,121275
NIFTY-III.NFO,04/12/2024,12:10:05,24839,24825.45,150,24833.9,150,0,121275
NIFTY-III.NFO,04/12/2024,12:10:07,24839,24822.9,225,24831.4,225,0,121275
NIFTY-III.NFO,04/12/2024,12:10:09,24839,24824.35,150,24832.15,150,0,121275
NIFTY-III.NFO,04/12/2024,12:10:10,24839,24823.15,75,24831.25,225,0,121275
NIFTY-III.NFO,04/12/2024,12:10:12,24839,24818.4,75,24827.85,150,0,121275
NIFTY-III.NFO,04/12/2024,12:10:14,24839,24822.25,75,24828.35,75,0,121275
NIFTY-III.NFO,04/12/2024,12:10:15,24819.6,24822.35,75,24829.65,150,75,121275
NIFTY-III.NFO,04/12/2024,12:10:17,24819.6,24824.05,150,24831.7,225,0,121275
NIFTY-III.NFO,04/12/2024,12:10:19,24819.6,24820.7,75,24828.9,225,0,121275
NIFTY-III.NFO,04/12/2024,12:10:20,24819.6,24817.1,75,24825.8,300,0,121275
NIFTY-III.NFO,04/12/2024,12:10:22,24819.6,24817.9,225,24827.05,150,0,121275
NIFTY-III.NFO,04/12/2024,12:10:24,24819.6,24819.05,150,24828.2,150,0,121275
NIFTY-III.NFO,04/12/2024,12:10:26,24819.6,24821.5,150,24829.95,150,0,121275
NIFTY-III.NFO,04/12/2024,12:10:27,24819.6,24817.7,75,24826.75,150,0,121275
NIFTY-III.NFO,04/12/2024,12:10:29,24817.1,24816.35,225,24825.6,225,75,122325
NIFTY-III.NFO,04/12/2024,12:10:31,24817.1,24815.35,225,24825.15,150,0,122325
NIFTY-III.NFO,04/12/2024,12:10:32,24817.1,24816.05,225,24825.15,150,0,122325
NIFTY-III.NFO,04/12/2024,12:10:34,24817.1,24816.45,150,24826.1,75,0,122325
NIFTY-III.NFO,04/12/2024,12:10:36,24817.1,24817.05,150,24827.15,225,0,122325
NIFTY-III.NFO,04/12/2024,12:10:37,24817.1,24815.55,225,24823.4,225,0,122325
NIFTY-III.NFO,04/12/2024,12:10:39,24817.1,24815.35,225,24824.4,150,0,122325
NIFTY-III.NFO,04/12/2024,12:10:41,24817.1,24815.35,225,24823.95,150,0,122325
NIFTY-III.NFO,04/12/2024,12:10:42,24817.1,24815,225,24820.85,225,0,122325
NIFTY-III.NFO,04/12/2024,12:10:44,24817.1,24815,225,24820.25,75,0,122325
NIFTY-III.NFO,04/12/2024,12:10:46,24817.1,24815.05,225,24823.15,75,0,122325
NIFTY-III.NFO,04/12/2024,12:10:47,24817.1,24815,300,24823.6,150,0,122325
NIFTY-III.NFO,04/12/2024,12:10:49,24817.1,24815,225,24822.7,150,0,122325
NIFTY-III.NFO,04/12/2024,12:10:51,24817.1,24815,225,24821.4,75,0,122325
NIFTY-III.NFO,04/12/2024,12:10:52,24817.1,24815.05,225,24824.15,150,0,122325
NIFTY-III.NFO,04/12/2024,12:10:54,24817.1,24815,225,24821.9,150,0,122325
NIFTY-III.NFO,04/12/2024,12:10:56,24817.1,24815,225,24821.45,150,0,122325
NIFTY-III.NFO,04/12/2024,12:10:57,24815,24815,150,24821.1,150,75,122325
NIFTY-III.NFO,04/12/2024,12:10:59,24815,24815,150,24819.95,75,0,122325
NIFTY-III.NFO,04/12/2024,12:11:00,24815,24815,150,24820.7,75,0,122325
NIFTY-III.NFO,04/12/2024,12:11:02,24815,24815.05,225,24823.45,75,0,122325
NIFTY-III.NFO,04/12/2024,12:11:03,24815,24815.05,225,24824.35,150,0,122325
NIFTY-III.NFO,04/12/2024,12:11:05,24815,24815.05,150,24823.3,150,0,122325
NIFTY-III.NFO,04/12/2024,12:11:07,24815,24815,150,24822.45,75,0,122325
NIFTY-III.NFO,04/12/2024,12:11:08,24815,24815.05,225,24824.65,150,0,122325
NIFTY-III.NFO,04/12/2024,12:11:10,24815.05,24815.05,225,24823.6,75,75,122325
NIFTY-III.NFO,04/12/2024,12:11:12,24815.05,24815,150,24820.2,150,0,122325
NIFTY-III.NFO,04/12/2024,12:11:13,24815,24815,75,24818.65,75,75,122325
NIFTY-III.NFO,04/12/2024,12:11:15,24815,24815,75,24820.25,75,0,122325
NIFTY-III.NFO,04/12/2024,12:11:18,24815,24815,75,24822.25,75,0,122325
NIFTY-III.NFO,04/12/2024,12:11:20,24815,24819.6,225,24827.7,150,0,122325
NIFTY-III.NFO,04/12/2024,12:11:22,24815,24818.45,225,24825.9,150,0,122325
NIFTY-III.NFO,04/12/2024,12:11:23,24815,24815.45,225,24824.1,150,0,122325
NIFTY-III.NFO,04/12/2024,12:11:25,24815.45,24815.45,225,24826.15,75,75,122325
NIFTY-III.NFO,04/12/2024,12:11:27,24815.45,24816.6,225,24824.65,225,0,122325
NIFTY-III.NFO,04/12/2024,12:11:28,24815.45,24815.3,225,24823.9,150,0,122325
NIFTY-III.NFO,04/12/2024,12:11:30,24815.45,24815,75,24822.1,150,0,122325
NIFTY-III.NFO,04/12/2024,12:11:32,24815.45,24815,75,24820.45,150,0,122325
NIFTY-III.NFO,04/12/2024,12:11:33,24815.45,24815,75,24820.35,75,0,122325
NIFTY-III.NFO,04/12/2024,12:11:35,24815.45,24815.05,150,24822.6,75,0,122325
NIFTY-III.NFO,04/12/2024,12:11:37,24815.45,24815.05,225,24823.95,150,0,122325
NIFTY-III.NFO,04/12/2024,12:11:40,24815.45,24815,75,24822.85,150,0,122325
NIFTY-III.NFO,04/12/2024,12:11:42,24815.45,24815,75,24822.5,300,0,122325
NIFTY-III.NFO,04/12/2024,12:11:43,24815.45,24816,75,24819.7,150,0,122325
NIFTY-III.NFO,04/12/2024,12:11:45,24815.45,24816,75,24819.8,225,0,122325
NIFTY-III.NFO,04/12/2024,12:11:47,24815.45,24815,75,24819.75,150,0,122325
NIFTY-III.NFO,04/12/2024,12:11:50,24815.45,24815,75,24822.4,300,0,122325
NIFTY-III.NFO,04/12/2024,12:11:52,24815.45,24815,75,24821.4,225,0,122325
NIFTY-III.NFO,04/12/2024,12:11:53,24815.45,24815,75,24820.95,150,0,122325
NIFTY-III.NFO,04/12/2024,12:11:55,24815.45,24815.05,225,24824.6,225,0,122325
NIFTY-III.NFO,04/12/2024,12:11:57,24815.45,24821,150,24829.65,225,0,122325
NIFTY-III.NFO,04/12/2024,12:11:58,24815.45,24816.8,150,24824.6,75,0,122325
NIFTY-III.NFO,04/12/2024,12:13:04,24834.45,24834.4,150,24843.6,75,375,122325
NIFTY-III.NFO,04/12/2024,12:14:08,24834.45,24826.75,225,24836.6,150,300,122325
NIFTY-III.NFO,04/12/2024,12:15:20,24831,24831,75,24838.25,150,75,122325
NIFTY-III.NFO,04/12/2024,12:16:28,24839.7,24842,150,24849.7,75,75,122325
NIFTY-III.NFO,04/12/2024,12:17:42,24844.1,24834.35,75,24842.2,150,375,122475
NIFTY-III.NFO,04/12/2024,12:18:47,24834.6,24822.2,150,24832.25,150,225,122475
NIFTY-III.NFO,04/12/2024,12:19:52,24830,24817.2,225,24829.45,150,75,122475
NIFTY-III.NFO,04/12/2024,12:20:56,24830.85,24834.65,75,24842,75,225,122625
NIFTY-III.NFO,04/12/2024,12:22:11,24838.35,24835.55,150,24844.85,225,375,122625
NIFTY-III.NFO,04/12/2024,12:23:28,24838.35,24848.2,150,24856.35,225,0,122625
NIFTY-III.NFO,04/12/2024,12:24:38,24856,24850,75,24853.6,300,300,122400
NIFTY-III.NFO,04/12/2024,12:25:56,24851.1,24850.05,150,24857.4,225,150,122550
NIFTY-III.NFO,04/12/2024,12:27:10,24850,24837.15,150,24845.35,225,75,122550
NIFTY-III.NFO,04/12/2024,12:28:00,24851.1,24850.65,75,24858.7,225,75,122550
NIFTY-III.NFO,04/12/2024,12:28:02,24851.1,24850.05,150,24857.7,300,0,122550
NIFTY-III.NFO,04/12/2024,12:28:03,24851.1,24850.05,75,24857.5,150,0,122550
NIFTY-III.NFO,04/12/2024,12:28:05,24851.1,24850.05,75,24858.2,150,0,122550
NIFTY-III.NFO,04/12/2024,12:28:07,24851.1,24850.05,75,24858.9,150,0,122550
NIFTY-III.NFO,04/12/2024,12:28:08,24851.1,24850.05,150,24858.1,225,0,122550
NIFTY-III.NFO,04/12/2024,12:28:10,24851.1,24850.05,150,24858.55,225,0,122550
NIFTY-III.NFO,04/12/2024,12:28:12,24851.1,24848.45,75,24857,150,0,122550
NIFTY-III.NFO,04/12/2024,12:28:13,24851.1,24849.65,225,24858.4,150,0,122550
NIFTY-III.NFO,04/12/2024,12:28:15,24851.1,24852.75,75,24860.9,225,0,122550
NIFTY-III.NFO,04/12/2024,12:28:17,24851.1,24854,225,24861.95,225,0,122550
NIFTY-III.NFO,04/12/2024,12:28:19,24851.1,24855.65,150,24862,75,0,122550
NIFTY-III.NFO,04/12/2024,12:28:20,24851.1,24860.7,75,24864.7,75,0,122550
NIFTY-III.NFO,04/12/2024,12:28:22,24864.7,24866.75,75,24869,75,75,122700
NIFTY-III.NFO,04/12/2024,12:28:24,24864.7,24866.55,75,24869,75,0,122700
NIFTY-III.NFO,04/12/2024,12:28:25,24864.7,24864.8,75,24869,75,0,122700
NIFTY-III.NFO,04/12/2024,12:28:27,24864.7,24866.1,75,24869,75,0,122700
NIFTY-III.NFO,04/12/2024,12:28:29,24864.7,24866.05,75,24869,75,0,122700
NIFTY-III.NFO,04/12/2024,12:28:30,24864.7,24865.55,75,24869,75,0,122700
NIFTY-III.NFO,04/12/2024,12:28:32,24864.7,24865.45,150,24869,75,0,122700
NIFTY-III.NFO,04/12/2024,12:28:34,24864.7,24865.65,75,24869,75,0,122700
NIFTY-III.NFO,04/12/2024,12:28:35,24864.7,24865.35,75,24869,75,0,122700
NIFTY-III.NFO,04/12/2024,12:28:37,24864.7,24865.3,150,24869,75,0,122700
NIFTY-III.NFO,04/12/2024,12:28:39,24864.7,24863.95,150,24869,75,0,122700
NIFTY-III.NFO,04/12/2024,12:28:40,24864.7,24862.1,225,24869,150,0,122700
NIFTY-III.NFO,04/12/2024,12:28:42,24864.7,24861,75,24869,150,0,122700
NIFTY-III.NFO,04/12/2024,12:28:44,24864.7,24861.3,75,24869,150,0,122700
NIFTY-III.NFO,04/12/2024,12:28:45,24864.7,24862.35,225,24869,150,0,122700
NIFTY-III.NFO,04/12/2024,12:28:47,24864.7,24861.4,225,24869,150,0,122700
NIFTY-III.NFO,04/12/2024,12:28:49,24864.7,24865,150,24869,150,0,122700
NIFTY-III.NFO,04/12/2024,12:28:50,24864.7,24865,150,24868.95,150,0,122700
NIFTY-III.NFO,04/12/2024,12:28:52,24864.7,24865,150,24869,150,0,122700
NIFTY-III.NFO,04/12/2024,12:28:54,24864.7,24865,150,24868.95,150,0,122700
NIFTY-III.NFO,04/12/2024,12:28:55,24864.7,24865,150,24868.95,225,0,122700
NIFTY-III.NFO,04/12/2024,12:28:57,24864.7,24865,150,24868.95,150,0,122700
NIFTY-III.NFO,04/12/2024,12:28:59,24869,24865,150,24869.55,150,75,122700
NIFTY-III.NFO,04/12/2024,12:29:00,24869,24865,150,24870.75,150,0,122700
NIFTY-III.NFO,04/12/2024,12:29:02,24869,24865,150,24870.15,150,0,122700
NIFTY-III.NFO,04/12/2024,12:29:05,24869,24865,150,24870,150,0,122700
NIFTY-III.NFO,04/12/2024,12:29:07,24869,24865,150,24869.9,225,0,122700
NIFTY-III.NFO,04/12/2024,12:29:09,24869,24865,150,24872.25,150,0,122700
NIFTY-III.NFO,04/12/2024,12:29:10,24869,24865,150,24872.15,225,0,122700
NIFTY-III.NFO,04/12/2024,12:29:14,24869,24865,150,24869,675,0,122700
NIFTY-III.NFO,04/12/2024,12:29:15,24869,24867,150,24869,675,0,122700
NIFTY-III.NFO,04/12/2024,12:29:17,24869,24867.05,150,24869,675,0,122700
NIFTY-III.NFO,04/12/2024,12:29:19,24869,24867.05,75,24869,675,0,122700
NIFTY-III.NFO,04/12/2024,12:29:20,24869,24867,150,24869,675,0,122700
NIFTY-III.NFO,04/12/2024,12:29:22,24869,24867.05,75,24869,675,0,122700
NIFTY-III.NFO,04/12/2024,12:29:25,24865.85,24864.35,225,24872.5,75,675,122700
NIFTY-III.NFO,04/12/2024,12:29:27,24865.85,24864.35,225,24873.35,225,0,122700
NIFTY-III.NFO,04/12/2024,12:29:29,24865.85,24864.35,225,24874.45,225,0,122700
NIFTY-III.NFO,04/12/2024,12:29:30,24865.85,24864.35,225,24873.05,225,0,122700
NIFTY-III.NFO,04/12/2024,12:29:32,24865.85,24864.35,225,24873.05,150,0,122700
NIFTY-III.NFO,04/12/2024,12:29:34,24865.85,24860.45,225,24869.2,75,0,122700
NIFTY-III.NFO,04/12/2024,12:29:35,24865.85,24860.45,225,24870.7,75,0,122700
NIFTY-III.NFO,04/12/2024,12:29:37,24865.85,24860.45,225,24869.75,150,0,122700
NIFTY-III.NFO,04/12/2024,12:29:39,24865.85,24860.45,225,24869.65,225,0,122700
NIFTY-III.NFO,04/12/2024,12:29:40,24865.85,24860.45,225,24869.6,150,0,122700
NIFTY-III.NFO,04/12/2024,12:29:42,24865.85,24860,75,24866.8,225,0,122700
NIFTY-III.NFO,04/12/2024,12:29:44,24865.85,24860.2,75,24866.8,75,0,122700
NIFTY-III.NFO,04/12/2024,12:29:47,24865.85,24861.15,225,24869.9,75,0,122700
NIFTY-III.NFO,04/12/2024,12:29:49,24865.85,24861.9,225,24870.9,225,0,122700
NIFTY-III.NFO,04/12/2024,12:29:50,24865.85,24861.9,225,24870.7,300,0,122700
NIFTY-III.NFO,04/12/2024,12:29:52,24865.85,24861.9,225,24871.75,225,0,122700
NIFTY-III.NFO,04/12/2024,12:29:54,24865.85,24861.9,225,24871.05,225,0,122700
NIFTY-III.NFO,04/12/2024,12:29:55,24865.85,24861.9,225,24872.35,225,0,122700
NIFTY-III.NFO,04/12/2024,12:29:57,24865.85,24860,150,24865.85,75,0,122700
NIFTY-III.NFO,04/12/2024,12:29:59,24865.85,24860.05,150,24865.85,75,0,122700
NIFTY-III.NFO,04/12/2024,12:31:03,24860,24850.5,300,24859.7,150,150,122700
NIFTY-III.NFO,04/12/2024,12:32:15,24859,24851.3,225,24868.55,150,150,122325
NIFTY-III.NFO,04/12/2024,12:33:22,24859,24850.4,225,24863.3,150,0,122325
NIFTY-III.NFO,04/12/2024,12:34:28,24858.9,24856.95,75,24866.7,150,300,122325
NIFTY-III.NFO,04/12/2024,12:35:35,24853.25,24851,75,24854.3,150,75,122250
NIFTY-III.NFO,04/12/2024,12:36:43,24844.1,24837.95,150,24845.35,150,450,122250
NIFTY-III.NFO,04/12/2024,12:37:57,24845.55,24845.55,450,24856.4,75,150,122175
NIFTY-III.NFO,04/12/2024,12:39:06,24856.4,24836.7,150,24846.3,150,75,122175
NIFTY-III.NFO,04/12/2024,12:40:13,24856.4,24832.2,150,24844.1,225,0,122175
NIFTY-III.NFO,04/12/2024,12:41:20,24845.6,24843.85,75,24853,150,300,122325
NIFTY-III.NFO,04/12/2024,12:42:28,24845.6,24840.65,150,24849.55,75,0,122325
NIFTY-III.NFO,04/12/2024,12:43:38,24841.9,24835.3,225,24844.1,225,150,122325
NIFTY-III.NFO,04/12/2024,12:44:49,24820,24815.85,225,24824.45,150,225,122400
NIFTY-III.NFO,04/12/2024,12:45:00,24820,24815.75,150,24824.75,75,0,122400
NIFTY-III.NFO,04/12/2024,12:45:01,24820,24815.75,150,24824.7,75,0,122400
NIFTY-III.NFO,04/12/2024,12:45:05,24820,24814.95,300,24824.75,75,0,122400
NIFTY-III.NFO,04/12/2024,12:45:10,24820,24814.95,300,24826.25,75,0,122400
NIFTY-III.NFO,04/12/2024,12:45:11,24820,24820.35,150,24828.35,150,0,122400
NIFTY-III.NFO,04/12/2024,12:45:13,24828.35,24826.4,75,24835.35,75,75,122400
NIFTY-III.NFO,04/12/2024,12:45:15,24828.35,24823.8,150,24831.4,75,0,122400
NIFTY-III.NFO,04/12/2024,12:45:16,24828.35,24823.9,225,24832.05,150,0,122400
NIFTY-III.NFO,04/12/2024,12:45:18,24828.35,24823.45,225,24831.45,150,0,122400
NIFTY-III.NFO,04/12/2024,12:45:20,24828.35,24820.2,225,24829.9,75,0,122400
NIFTY-III.NFO,04/12/2024,12:45:21,24828.35,24821.35,300,24830.4,75,0,122400
NIFTY-III.NFO,04/12/2024,12:45:23,24828.35,24821.45,375,24830.35,75,0,122400
NIFTY-III.NFO,04/12/2024,12:45:25,24828.35,24824.15,225,24831.95,75,0,122400
NIFTY-III.NFO,04/12/2024,12:45:26,24828.35,24824.7,225,24830,75,0,122400
NIFTY-III.NFO,04/12/2024,12:45:28,24830,24826.35,75,24833.15,75,75,122400
NIFTY-III.NFO,04/12/2024,12:45:30,24830,24828.15,300,24836.15,150,0,122400
NIFTY-III.NFO,04/12/2024,12:45:31,24830,24830.5,300,24839.85,75,0,122400
NIFTY-III.NFO,04/12/2024,12:45:33,24830,24831.5,150,24840.8,150,0,122400
NIFTY-III.NFO,04/12/2024,12:45:35,24830,24829.9,150,24839.05,75,0,122400
NIFTY-III.NFO,04/12/2024,12:45:36,24830,24827.15,225,24835.6,150,0,122400
NIFTY-III.NFO,04/12/2024,12:45:38,24830,24827.9,225,24835,75,0,122400
NIFTY-III.NFO,04/12/2024,12:45:40,24830,24829.5,150,24839.05,75,0,122400
NIFTY-III.NFO,04/12/2024,12:45:41,24830,24829.1,225,24837.85,75,0,122400
NIFTY-III.NFO,04/12/2024,12:45:43,24830,24828.15,225,24837.6,150,0,122400
NIFTY-III.NFO,04/12/2024,12:45:45,24830,24827.95,150,24837.55,75,0,122400
NIFTY-III.NFO,04/12/2024,12:45:46,24830,24828.1,150,24837.45,150,0,122400
NIFTY-III.NFO,04/12/2024,12:45:48,24830,24827.15,150,24830,75,0,122400
NIFTY-III.NFO,04/12/2024,12:45:50,24830,24827.15,75,24830,75,0,122400
NIFTY-III.NFO,04/12/2024,12:45:51,24830,24825.4,150,24830,75,0,122400
NIFTY-III.NFO,04/12/2024,12:45:53,24830,24825.4,75,24829.95,75,0,122400
NIFTY-III.NFO,04/12/2024,12:45:55,24830,24825.6,150,24830,75,0,122400
NIFTY-III.NFO,04/12/2024,12:45:56,24830,24825.2,75,24830,75,0,122400
NIFTY-III.NFO,04/12/2024,12:45:58,24830,24825.2,75,24829.95,75,0,122400
NIFTY-III.NFO,04/12/2024,12:46:06,24829.45,24820.05,375,24829.5,75,75,122400
NIFTY-III.NFO,04/12/2024,12:47:14,24818.15,24827.05,225,24835.65,75,150,122400
NIFTY-III.NFO,04/12/2024,12:48:20,24818.15,24832.15,150,24835,150,0,122400
NIFTY-III.NFO,04/12/2024,12:49:27,24836.5,24832,75,24836.5,75,225,122625
NIFTY-III.NFO,04/12/2024,12:50:33,24836.5,24832.75,75,24840.25,150,75,122700
NIFTY-III.NFO,04/12/2024,12:51:38,24828.2,24832.7,150,24841.8,225,225,122700
NIFTY-III.NFO,04/12/2024,12:52:44,24828.2,24844.05,75,24853.25,150,0,122700
NIFTY-III.NFO,04/12/2024,12:53:51,24828.2,24842.55,150,24852.9,150,0,122700
NIFTY-III.NFO,04/12/2024,12:54:55,24841.85,24841.85,75,24852.9,150,75,122700
NIFTY-III.NFO,04/12/2024,12:55:58,24841.85,24833.45,75,24843.35,75,75,122700
NIFTY-III.NFO,04/12/2024,12:57:04,24841.85,24841.2,75,24846.35,150,150,122700
NIFTY-III.NFO,04/12/2024,12:58:08,24842.2,24843,75,24851.65,150,75,122700
NIFTY-III.NFO,04/12/2024,12:59:16,24851.7,24842.85,75,24849.5,150,150,123000
NIFTY-III.NFO,04/12/2024,13:00:23,24851.75,24851.9,150,24859.45,75,150,123000
NIFTY-III.NFO,04/12/2024,13:01:30,24851.75,24851.75,150,24854.4,75,0,123000
NIFTY-III.NFO,04/12/2024,13:02:36,24858,24852.25,75,24863.05,225,300,123000
NIFTY-III.NFO,04/12/2024,13:03:40,24858,24851.8,75,24858.55,225,0,123000
NIFTY-III.NFO,04/12/2024,13:04:43,24855,24851.75,75,24858.15,150,300,122700
NIFTY-III.NFO,04/12/2024,13:05:44,24851.75,24845,75,24849.55,150,150,122700
NIFTY-III.NFO,04/12/2024,13:06:50,24845,24841.25,150,24845,375,75,122700
NIFTY-III.NFO,04/12/2024,13:07:54,24842,24833.25,225,24842,225,150,123000
NIFTY-III.NFO,04/12/2024,13:09:10,24842.75,24828.95,150,24836.8,300,375,123000
NIFTY-III.NFO,04/12/2024,13:10:29,24842.75,24837.2,150,24844.95,150,0,123000
NIFTY-III.NFO,04/12/2024,13:11:41,24845,24844.15,150,24851.35,150,300,123000
NIFTY-III.NFO,04/12/2024,13:12:56,24845,24844.7,150,24852.9,75,0,123000
NIFTY-III.NFO,04/12/2024,13:14:01,24845,24841.9,150,24849.95,150,0,123000
NIFTY-III.NFO,04/12/2024,13:15:06,24845,24842.35,150,24849.95,150,75,122700
NIFTY-III.NFO,04/12/2024,13:16:11,24850.8,24849.95,75,24851.85,150,225,122700
NIFTY-III.NFO,04/12/2024,13:17:16,24851,24849.8,150,24858.1,150,75,122925
NIFTY-III.NFO,04/12/2024,13:18:20,24855.25,24849.25,75,24854.65,75,75,122925
NIFTY-III.NFO,04/12/2024,13:19:28,24857.9,24850.75,225,24859.25,150,150,122925
NIFTY-III.NFO,04/12/2024,13:20:38,24857.9,24855,75,24858.95,150,0,122925
NIFTY-III.NFO,04/12/2024,13:21:50,24855,24845.9,75,24854.05,225,75,122925
NIFTY-III.NFO,04/12/2024,13:22:57,24855,24846.4,75,24858.05,150,0,122925
NIFTY-III.NFO,04/12/2024,13:24:08,24852.15,24845,75,24852.2,300,75,122925
NIFTY-III.NFO,04/12/2024,13:25:21,24851.3,24849.9,225,24859.8,150,150,122925
NIFTY-III.NFO,04/12/2024,13:26:32,24848.45,24847.95,225,24856.25,75,75,122925
NIFTY-III.NFO,04/12/2024,13:27:40,24852.25,24854,75,24859.95,75,75,122925
NIFTY-III.NFO,04/12/2024,13:28:59,24870,24865.05,75,24874.9,225,450,123075
NIFTY-III.NFO,04/12/2024,13:30:19,24870.1,24860.65,300,24870.25,75,75,123075
NIFTY-III.NFO,04/12/2024,13:31:34,24874.3,24861.7,75,24870,75,225,123075
NIFTY-III.NFO,04/12/2024,13:32:59,24908,24899.05,75,24911.05,150,1350,123525
NIFTY-III.NFO,04/12/2024,13:34:25,24903.2,24896.5,75,24905.2,225,750,123525
NIFTY-III.NFO,04/12/2024,13:35:36,24887.65,24885.35,75,24892.55,75,75,122925
NIFTY-III.NFO,04/12/2024,13:36:47,24900.95,24891,75,24899,150,600,122925
NIFTY-III.NFO,04/12/2024,13:37:57,24901,24899.45,225,24909.6,225,1050,123225
NIFTY-III.NFO,04/12/2024,13:39:12,24910.95,24896,75,24909.95,150,75,123225
NIFTY-III.NFO,04/12/2024,13:40:17,24909.95,24899.45,75,24909.9,150,75,123225
NIFTY-III.NFO,04/12/2024,13:41:22,24896.25,24900.15,75,24909.8,150,225,122475
NIFTY-III.NFO,04/12/2024,13:42:27,24900.15,24894.7,150,24904.7,150,75,122475
NIFTY-III.NFO,04/12/2024,13:43:35,24889.55,24880.9,75,24890.85,75,150,122475
NIFTY-III.NFO,04/12/2024,13:44:45,24895.5,24892.45,75,24896.15,75,300,122250
NIFTY-III.NFO,04/12/2024,13:45:52,24902.9,24895.05,75,24903.95,225,225,122250
NIFTY-III.NFO,04/12/2024,13:46:58,24902.9,24896.05,75,24900,150,0,122250
NIFTY-III.NFO,04/12/2024,13:48:02,24900,24892.6,225,24900,75,450,122550
NIFTY-III.NFO,04/12/2024,13:49:07,24894.55,24894.9,75,24900,150,75,122550
NIFTY-III.NFO,04/12/2024,13:50:10,24895.25,24897.95,75,24900,75,75,122550
NIFTY-III.NFO,04/12/2024,13:51:15,24900,24896.3,225,24905,150,1275,122550
NIFTY-III.NFO,04/12/2024,13:52:19,24895.35,24889.75,150,24896.5,75,300,122550
NIFTY-III.NFO,04/12/2024,13:53:21,24895,24886.6,225,24895,75,300,122100
NIFTY-III.NFO,04/12/2024,13:54:24,24895,24891.1,75,24899.95,150,75,122100
NIFTY-III.NFO,04/12/2024,13:55:26,24895,24892,150,24899.95,150,0,122100
NIFTY-III.NFO,04/12/2024,13:56:28,24899,24895.1,225,24900,75,75,121800
NIFTY-III.NFO,04/12/2024,13:57:32,24899,24895.05,225,24900,75,0,121800
NIFTY-III.NFO,04/12/2024,13:58:39,24909,24901.55,225,24911,75,450,121800
NIFTY-III.NFO,04/12/2024,13:59:47,24912,24903.7,75,24912.8,150,525,121950
NIFTY-III.NFO,04/12/2024,14:00:54,24898.4,24897.7,225,24909.2,75,1350,121950
NIFTY-III.NFO,04/12/2024,14:01:58,24895.85,24895.8,75,24909.05,225,150,121950
NIFTY-III.NFO,04/12/2024,14:03:02,24895.8,24896.4,150,24909.05,150,75,122400
NIFTY-III.NFO,04/12/2024,14:04:07,24896.4,24897.85,75,24904.95,150,75,122400
NIFTY-III.NFO,04/12/2024,14:05:11,24900,24900,225,24908.95,150,225,122475
NIFTY-III.NFO,04/12/2024,14:06:18,24900.8,24900.1,150,24908.75,75,150,122475
NIFTY-III.NFO,04/12/2024,14:07:22,24901,24894.15,150,24906.2,75,150,122475
NIFTY-III.NFO,04/12/2024,14:08:31,24914.95,24906.65,75,24914.95,75,825,122625
NIFTY-III.NFO,04/12/2024,14:09:38,24900,24895.6,150,24904.65,75,225,122625
NIFTY-III.NFO,04/12/2024,14:10:44,24899.4,24899.35,225,24907.95,75,225,122625
NIFTY-III.NFO,04/12/2024,14:11:49,24899.4,24900,150,24906.45,75,0,122625
NIFTY-III.NFO,04/12/2024,14:12:54,24905.25,24900,75,24904.3,75,375,122025
NIFTY-III.NFO,04/12/2024,14:13:59,24905.25,24903.7,75,24909.55,150,0,122025
NIFTY-III.NFO,04/12/2024,14:15:05,24905.25,24905.4,75,24908,75,75,121875
NIFTY-III.NFO,04/12/2024,14:16:10,24905.25,24905,75,24908,75,0,121875
NIFTY-III.NFO,04/12/2024,14:17:15,24905,24904.1,300,24911.7,300,75,121875
NIFTY-III.NFO,04/12/2024,14:18:19,24905,24903.9,150,24910.8,150,0,121875
NIFTY-III.NFO,04/12/2024,14:19:24,24896.65,24895.2,75,24898.3,75,450,121875
NIFTY-III.NFO,04/12/2024,14:20:39,24835.75,24835.9,75,24849.25,150,1575,122025
NIFTY-III.NFO,04/12/2024,14:22:02,24860.45,24862.4,75,24873.05,225,825,122025
NIFTY-III.NFO,04/12/2024,14:23:19,24855.7,24875.15,75,24887,75,300,122025
NIFTY-III.NFO,04/12/2024,14:24:29,24855.7,24855.7,150,24862.85,150,0,122025
NIFTY-III.NFO,04/12/2024,14:25:34,24855.7,24855.7,75,24863.2,150,0,122025
NIFTY-III.NFO,04/12/2024,14:26:37,24869.95,24858.6,75,24869.95,150,825,122325
NIFTY-III.NFO,04/12/2024,14:27:39,24855.7,24851,375,24861.35,150,150,122325
NIFTY-III.NFO,04/12/2024,14:28:45,24863.05,24855.95,75,24863.05,150,225,122325
NIFTY-III.NFO,04/12/2024,14:29:49,24861.2,24863.55,150,24873.4,75,150,122850
NIFTY-III.NFO,04/12/2024,14:30:52,24861.2,24862,300,24870.85,75,0,122850
NIFTY-III.NFO,04/12/2024,14:31:55,24860.15,24851,375,24861.65,150,150,122850
NIFTY-III.NFO,04/12/2024,14:33:05,24840,24836.15,150,24846.55,75,675,123000
NIFTY-III.NFO,04/12/2024,14:34:15,24832.45,24835,150,24840,75,450,123000
NIFTY-III.NFO,04/12/2024,14:35:22,24860.1,24847.6,150,24860.1,225,375,123300
NIFTY-III.NFO,04/12/2024,14:36:41,24858.25,24858.1,75,24869.35,150,1050,123300
NIFTY-III.NFO,04/12/2024,14:38:02,24858,24849.15,75,24861.95,150,750,124125
NIFTY-III.NFO,04/12/2024,14:39:19,24846.6,24848.3,75,24850,75,150,124125
NIFTY-III.NFO,04/12/2024,14:40:35,24850,24857.4,225,24865.85,75,75,124125
NIFTY-III.NFO,04/12/2024,14:41:50,24850,24851,225,24855,75,0,124125
NIFTY-III.NFO,04/12/2024,14:43:07,24855.95,24860,300,24868.2,150,150,124125
NIFTY-III.NFO,04/12/2024,14:44:20,24855.95,24858.25,75,24864.6,150,0,124125
NIFTY-III.NFO,04/12/2024,14:45:27,24855.95,24850.65,150,24859.3,75,0,124125
NIFTY-III.NFO,04/12/2024,14:46:35,24861.75,24861.5,150,24871.45,75,75,124125
NIFTY-III.NFO,04/12/2024,14:47:41,24861.75,24856,75,24862.65,150,0,124125
NIFTY-III.NFO,04/12/2024,14:48:42,24861.75,24849.95,75,24857.2,225,0,124125
NIFTY-III.NFO,04/12/2024,14:49:45,24861.75,24843.15,75,24852.3,150,0,124125
NIFTY-III.NFO,04/12/2024,14:50:49,24844.05,24845.15,75,24853.2,150,150,124200
NIFTY-III.NFO,04/12/2024,14:51:54,24844.05,24840,75,24844.65,75,150,124200
NIFTY-III.NFO,04/12/2024,14:52:58,24844.05,24842.5,150,24850.95,225,0,124200
NIFTY-III.NFO,04/12/2024,14:54:02,24844.05,24841.25,225,24853.65,75,0,124200
NIFTY-III.NFO,04/12/2024,14:55:04,24844.05,24840,1050,24848.45,75,0,124200
NIFTY-III.NFO,04/12/2024,14:56:18,24826,24820,225,24829.05,225,1500,125100
NIFTY-III.NFO,04/12/2024,14:57:37,24820,24827.55,150,24838.5,150,75,125100
NIFTY-III.NFO,04/12/2024,14:58:55,24820,24827.8,225,24840.65,75,0,125100
NIFTY-III.NFO,04/12/2024,15:00:06,24848,24830,150,24839.55,150,150,125025
NIFTY-III.NFO,04/12/2024,15:01:20,24848,24849.55,75,24858.65,75,150,125025
NIFTY-III.NFO,04/12/2024,15:02:39,24861.65,24859.05,150,24865,75,450,125100
NIFTY-III.NFO,04/12/2024,15:03:52,24864.65,24855.6,150,24864.95,75,75,125100
NIFTY-III.NFO,04/12/2024,15:04:59,24868.65,24862.8,150,24869.95,150,150,125100
NIFTY-III.NFO,04/12/2024,15:05:00,24868.65,24857.75,75,24866.45,75,0,125100
NIFTY-III.NFO,04/12/2024,15:05:02,24868.65,24859.85,150,24868.05,75,0,125100
NIFTY-III.NFO,04/12/2024,15:05:04,24868.65,24859.45,150,24868.35,150,0,125100
NIFTY-III.NFO,04/12/2024,15:05:05,24868.65,24857.9,150,24866.45,150,0,125100
NIFTY-III.NFO,04/12/2024,15:05:07,24868.65,24858,150,24866.45,150,0,125100
NIFTY-III.NFO,04/12/2024,15:05:09,24868.65,24859.1,300,24867.45,150,0,125100
NIFTY-III.NFO,04/12/2024,15:05:10,24868.65,24858.8,150,24867.45,75,0,125100
NIFTY-III.NFO,04/12/2024,15:05:12,24858.8,24858.75,150,24867.3,75,75,125175
NIFTY-III.NFO,04/12/2024,15:05:14,24858.8,24858.75,150,24867.4,75,0,125175
NIFTY-III.NFO,04/12/2024,15:05:15,24858.8,24858.75,150,24867.95,75,0,125175
NIFTY-III.NFO,04/12/2024,15:05:17,24858.8,24858.75,150,24867.9,75,0,125175
NIFTY-III.NFO,04/12/2024,15:05:20,24858.8,24858.75,225,24867.8,150,0,125175
NIFTY-III.NFO,04/12/2024,15:05:22,24858.8,24857.3,225,24866.7,75,0,125175
NIFTY-III.NFO,04/12/2024,15:05:24,24858.8,24856.1,225,24866.55,75,0,125175
NIFTY-III.NFO,04/12/2024,15:05:25,24858.8,24856.1,225,24866.55,225,0,125175
NIFTY-III.NFO,04/12/2024,15:05:35,24858.8,24856.1,225,24866.55,75,0,125175
NIFTY-III.NFO,04/12/2024,15:05:37,24858.8,24856.3,75,24866.55,225,0,125175
NIFTY-III.NFO,04/12/2024,15:05:38,24858.8,24855.7,225,24866.55,75,0,125175
NIFTY-III.NFO,04/12/2024,15:05:42,24858.8,24855.7,225,24867.45,75,0,125175
NIFTY-III.NFO,04/12/2024,15:05:43,24858.8,24855.7,225,24868.65,75,0,125175
NIFTY-III.NFO,04/12/2024,15:07:08,24858.8,24852.2,150,24860.8,150,0,125175
NIFTY-III.NFO,04/12/2024,15:08:12,24858.8,24852,75,24859.5,75,0,125175
NIFTY-III.NFO,04/12/2024,15:09:16,24852,24843,150,24852,75,150,125250
NIFTY-III.NFO,04/12/2024,15:10:19,24847.9,24852.2,300,24862.6,75,150,125250
NIFTY-III.NFO,04/12/2024,15:11:23,24847.9,24847.75,75,24860.5,75,0,125250
NIFTY-III.NFO,04/12/2024,15:12:25,24847.9,24854.45,75,24862.55,75,0,125250
NIFTY-III.NFO,04/12/2024,15:13:32,24854.35,24852.05,75,24864.15,75,75,125250
NIFTY-III.NFO,04/12/2024,15:14:36,24854.35,24852.1,150,24865.6,75,0,125250
NIFTY-III.NFO,04/12/2024,15:15:40,24851.9,24851.95,150,24864.95,150,375,125250
NIFTY-III.NFO,04/12/2024,15:16:54,24855.05,24855.05,150,24865,75,75,125250
NIFTY-III.NFO,04/12/2024,15:18:06,24865.25,24865,75,24868.75,75,375,125550
NIFTY-III.NFO,04/12/2024,15:19:18,24869.2,24860.35,375,24869.95,225,300,125550
NIFTY-III.NFO,04/12/2024,15:20:29,24870,24863.5,300,24872.3,225,225,125850
NIFTY-III.NFO,04/12/2024,15:21:50,24871.6,24863.2,300,24870,150,225,125850
NIFTY-III.NFO,04/12/2024,15:23:02,24861.6,24862.8,525,24869,150,150,125850
NIFTY-III.NFO,04/12/2024,15:24:07,24869,24869,75,24870,150,150,126150
NIFTY-III.NFO,04/12/2024,15:25:01,24869,24865.05,75,24869,750,225,126150
NIFTY-III.NFO,04/12/2024,15:25:03,24869,24865.05,75,24869,750,0,126150
NIFTY-III.NFO,04/12/2024,15:25:11,24869,24865.05,75,24869,825,0,126150
NIFTY-III.NFO,04/12/2024,15:25:13,24869,24865.05,75,24869,750,0,126150
NIFTY-III.NFO,04/12/2024,15:25:19,24869,24865.05,75,24869,825,0,126150
NIFTY-III.NFO,04/12/2024,15:25:21,24869,24865.05,75,24869,750,0,126150
NIFTY-III.NFO,04/12/2024,15:25:23,24869,24865.05,75,24869,825,0,126150
NIFTY-III.NFO,04/12/2024,15:25:24,24869,24865.05,75,24869,750,0,126150
NIFTY-III.NFO,04/12/2024,15:25:29,24869,24865.05,75,24868.95,75,0,126150
NIFTY-III.NFO,04/12/2024,15:25:31,24868.95,24865.05,75,24869,825,75,126150
NIFTY-III.NFO,04/12/2024,15:25:33,24868.95,24865.05,75,24869,825,0,126150
NIFTY-III.NFO,04/12/2024,15:25:38,24868.95,24865.05,75,24868.9,225,0,126150
NIFTY-III.NFO,04/12/2024,15:25:41,24868.95,24865.05,75,24868.9,75,0,126150
NIFTY-III.NFO,04/12/2024,15:25:46,24868.95,24865.05,75,24868.85,150,0,126150
NIFTY-III.NFO,04/12/2024,15:25:56,24865.05,24863,375,24868.85,150,75,126300
NIFTY-III.NFO,04/12/2024,15:25:58,24865.05,24863,375,24868.85,150,0,126300
NIFTY-III.NFO,04/12/2024,15:26:14,24865.05,24865.05,75,24868.95,150,0,126300
NIFTY-III.NFO,04/12/2024,15:27:18,24865.05,24863,375,24868,750,75,126300
NIFTY-III.NFO,04/12/2024,15:28:01,24865.05,24863,375,24865.05,75,0,126300
NIFTY-III.NFO,04/12/2024,15:28:05,24865.05,24863,450,24865.05,75,0,126300
NIFTY-III.NFO,04/12/2024,15:28:11,24865.05,24863,375,24865.05,75,0,126300
NIFTY-III.NFO,04/12/2024,15:28:36,24863,24863,300,24865.05,75,75,126300
NIFTY-III.NFO,04/12/2024,15:28:38,24863,24863,300,24865.05,75,0,126300
NIFTY-III.NFO,04/12/2024,15:28:39,24863,24863,300,24865,75,0,126300
NIFTY-III.NFO,04/12/2024,15:28:41,24863,24863,375,24865,75,0,126300
NIFTY-III.NFO,04/12/2024,15:28:59,24863,24863.25,150,24865.05,75,0,126300
NIFTY-III.NFO,04/12/2024,15:29:53,24868,24865,225,24868,75,975,126375
NIFTY-III.NFO,04/12/2024,15:30:13,24868,24865,225,24868,75,0,126375
